Godot Engine v4.7.stable.official.5b4e0cb0f - https://godotengine.org

[   0% ] [90m[1mfirst_scan_filesystem[22m | Started 프로젝트 초기화 (5 steps)[39m[0m
[   0% ] [90m[1mfirst_scan_filesystem[22m | 파일 구조 스캔 중...[39m[0m
[  16% ] [90m[1mfirst_scan_filesystem[22m | 전역 클래스 이름을 불러오는 중...[39m[0m
[  33% ] [90m[1mfirst_scan_filesystem[22m | GDExtensions 검증 중...[39m[0m
[  50% ] [90m[1mfirst_scan_filesystem[22m | 오토로드 스크립트를 만드는 중...[39m[0m
[  66% ] [90m[1mfirst_scan_filesystem[22m | 플러그인을 초기화 중...[39m[0m
[  83% ] [90m[1mfirst_scan_filesystem[22m | 파일 스캔 시작 중...[39m[0m
[92m[ DONE ][39m [1mfirst_scan_filesystem[22m
[0m
[   0% ] [90m[1msavepack[22m | Started 패킹 중 (102 steps)[39m[0m
[   1% ] [90m[1msavepack[22m | 파일 저장 중: res://.godot/imported/click_2.mp3-bc4f840dabe19659d810901dbdfe6338.mp3str[39m[0m
[   1% ] [90m[1msavepack[22m | 파일 저장 중: res://assets/audio/click_2.mp3.import[39m[0m
[   1% ] [90m[1msavepack[22m | 파일 저장 중: res://.godot/imported/coin_get0.mp3-f840469bf667d1d7d72dbcb2e9dea008.mp3str[39m[0m
[   1% ] [90m[1msavepack[22m | 파일 저장 중: res://assets/audio/coin_get0.mp3.import[39m[0m
[   1% ] [90m[1msavepack[22m | 파일 저장 중: res://.godot/imported/coin_get1.mp3-288879c03114e807689b899f4cdfa5fe.mp3str[39m[0m
[   1% ] [90m[1msavepack[22m | 파일 저장 중: res://assets/audio/coin_get1.mp3.import[39m[0m
[   1% ] [90m[1msavepack[22m | 파일 저장 중: res://.godot/imported/eagle.mp3-f5e6075e90e9a5598db695a7b7f31acd.mp3str[39m[0m
[   1% ] [90m[1msavepack[22m | 파일 저장 중: res://assets/audio/eagle.mp3.import[39m[0m
[   1% ] [90m[1msavepack[22m | 파일 저장 중: res://.godot/imported/eagle_reload.mp3-9fe3cf35e576b85c0741b8ea08f4121b.mp3str[39m[0m
[   1% ] [90m[1msavepack[22m | 파일 저장 중: res://assets/audio/eagle_reload.mp3.import[39m[0m
[   2% ] [90m[1msavepack[22m | 파일 저장 중: res://.godot/imported/ice_bomb.mp3-2f08ef0c35b60a732aa1d465b304fb40.mp3str[39m[0m
[   2% ] [90m[1msavepack[22m | 파일 저장 중: res://assets/audio/ice_bomb.mp3.import[39m[0m
[   2% ] [90m[1msavepack[22m | 파일 저장 중: res://.godot/imported/ingame_bgm_1.mp3-98ddac8d7a8c529fd27f4c7d7b0a80d3.mp3str[39m[0m
[   2% ] [90m[1msavepack[22m | 파일 저장 중: res://assets/audio/ingame_bgm_1.mp3.import[39m[0m
[   2% ] [90m[1msavepack[22m | 파일 저장 중: res://.godot/imported/ingame_bgm_2.mp3-f548b67664a734aa4378dd0aab6ba337.mp3str[39m[0m
[   2% ] [90m[1msavepack[22m | 파일 저장 중: res://assets/audio/ingame_bgm_2.mp3.import[39m[0m
[   2% ] [90m[1msavepack[22m | 파일 저장 중: res://.godot/imported/ingame_bgm_3.mp3-95de682291f9cc67c4609918898236a6.mp3str[39m[0m
[   2% ] [90m[1msavepack[22m | 파일 저장 중: res://assets/audio/ingame_bgm_3.mp3.import[39m[0m
[   2% ] [90m[1msavepack[22m | 파일 저장 중: res://.godot/imported/ingame_bgm_4.mp3-20ed0f2693f9f1b1fede3af52e4bcd60.mp3str[39m[0m
[   2% ] [90m[1msavepack[22m | 파일 저장 중: res://assets/audio/ingame_bgm_4.mp3.import[39m[0m
[   3% ] [90m[1msavepack[22m | 파일 저장 중: res://.godot/imported/ingame_bgm_5.mp3-66b9ab9ef83849fe4f5d99a9db890ab2.mp3str[39m[0m
[   3% ] [90m[1msavepack[22m | 파일 저장 중: res://assets/audio/ingame_bgm_5.mp3.import[39m[0m
[   3% ] [90m[1msavepack[22m | 파일 저장 중: res://.godot/imported/ingame_bgm_6.mp3-1f030a104add8743da02c4edda23e5f2.mp3str[39m[0m
[   3% ] [90m[1msavepack[22m | 파일 저장 중: res://assets/audio/ingame_bgm_6.mp3.import[39m[0m
[   3% ] [90m[1msavepack[22m | 파일 저장 중: res://.godot/imported/opening_bgm.mp3-c41232c22da8cd91af3c7defe92e8228.mp3str[39m[0m
[   3% ] [90m[1msavepack[22m | 파일 저장 중: res://assets/audio/opening_bgm.mp3.import[39m[0m
[   3% ] [90m[1msavepack[22m | 파일 저장 중: res://.godot/imported/popup.mp3-b5bafde37a53521db58f3feee4de7623.mp3str[39m[0m
[   3% ] [90m[1msavepack[22m | 파일 저장 중: res://assets/audio/popup.mp3.import[39m[0m
[   4% ] [90m[1msavepack[22m | 파일 저장 중: res://.godot/imported/potion_pickup.mp3-2f1f506295ce008062145ccb6d82bc91.mp3str[39m[0m
[   4% ] [90m[1msavepack[22m | 파일 저장 중: res://assets/audio/potion_pickup.mp3.import[39m[0m
[   4% ] [90m[1msavepack[22m | 파일 저장 중: res://.godot/imported/reload_1.mp3-ddb3724f070c21a99e69b780ec6df8f8.mp3str[39m[0m
[   4% ] [90m[1msavepack[22m | 파일 저장 중: res://assets/audio/reload_1.mp3.import[39m[0m
[   4% ] [90m[1msavepack[22m | 파일 저장 중: res://.godot/imported/reload_2.mp3-3068bb860ebf0aa18c40d1a9bca98e4b.mp3str[39m[0m
[   4% ] [90m[1msavepack[22m | 파일 저장 중: res://assets/audio/reload_2.mp3.import[39m[0m
[   4% ] [90m[1msavepack[22m | 파일 저장 중: res://.godot/imported/reload_3.mp3-44c0e62e519e874e2c73a1f3461834aa.mp3str[39m[0m
[   4% ] [90m[1msavepack[22m | 파일 저장 중: res://assets/audio/reload_3.mp3.import[39m[0m
[   4% ] [90m[1msavepack[22m | 파일 저장 중: res://.godot/imported/shot_1.mp3-d2b28ef4479bb1454e0b990f2b9aad06.mp3str[39m[0m
[   4% ] [90m[1msavepack[22m | 파일 저장 중: res://assets/audio/shot_1.mp3.import[39m[0m
[   5% ] [90m[1msavepack[22m | 파일 저장 중: res://.godot/imported/shot_2.mp3-73326589b6cfe72f32eecec2328291c2.mp3str[39m[0m
[   5% ] [90m[1msavepack[22m | 파일 저장 중: res://assets/audio/shot_2.mp3.import[39m[0m
[   5% ] [90m[1msavepack[22m | 파일 저장 중: res://.godot/imported/shot_3.mp3-a354e727465d8c566f89bfc2acec71f9.mp3str[39m[0m
[   5% ] [90m[1msavepack[22m | 파일 저장 중: res://assets/audio/shot_3.mp3.import[39m[0m
[   5% ] [90m[1msavepack[22m | 파일 저장 중: res://.godot/imported/sos.mp3-0d5743d177121b2e87fa98597a8be25c.mp3str[39m[0m
[   5% ] [90m[1msavepack[22m | 파일 저장 중: res://assets/audio/sos.mp3.import[39m[0m
[   5% ] [90m[1msavepack[22m | 파일 저장 중: res://.godot/imported/truck_hit.mp3-52eb8d73ec5a609204e40dc094e04216.mp3str[39m[0m
[   5% ] [90m[1msavepack[22m | 파일 저장 중: res://assets/audio/truck_hit.mp3.import[39m[0m
[   5% ] [90m[1msavepack[22m | 파일 저장 중: res://.godot/imported/truck_start.mp3-3da718beed822c4b05bdf3295d6a3388.mp3str[39m[0m
[   5% ] [90m[1msavepack[22m | 파일 저장 중: res://assets/audio/truck_start.mp3.import[39m[0m
[   6% ] [90m[1msavepack[22m | 파일 저장 중: res://.godot/imported/foreground.png-76569d4dc363495233e2637c01a84088.ctex[39m[0m
[   6% ] [90m[1msavepack[22m | 파일 저장 중: res://assets/backgrounds/layers/foreground.png.import[39m[0m
[   6% ] [90m[1msavepack[22m | 파일 저장 중: res://.godot/imported/midground.png-ef3d30831a03342d2990b0740bc3a05e.ctex[39m[0m
[   6% ] [90m[1msavepack[22m | 파일 저장 중: res://assets/backgrounds/layers/midground.png.import[39m[0m
[   6% ] [90m[1msavepack[22m | 파일 저장 중: res://.godot/imported/road.png-bd4942004351786b8b6b9ea45a58e992.ctex[39m[0m
[   6% ] [90m[1msavepack[22m | 파일 저장 중: res://assets/backgrounds/layers/road.png.import[39m[0m
[   6% ] [90m[1msavepack[22m | 파일 저장 중: res://.godot/imported/skyline.png-d5bcae1e4bfedefb56f8e9cced7de372.ctex[39m[0m
[   6% ] [90m[1msavepack[22m | 파일 저장 중: res://assets/backgrounds/layers/skyline.png.import[39m[0m
[   7% ] [90m[1msavepack[22m | 파일 저장 중: res://.godot/imported/survival_horde.png-4b90c22c009acc45d3e3e3aa7f77dff0.ctex[39m[0m
[   7% ] [90m[1msavepack[22m | 파일 저장 중: res://assets/backgrounds/survival/survival_horde.png.import[39m[0m
[   7% ] [90m[1msavepack[22m | 파일 저장 중: res://.godot/imported/card_blue.png-f76569d37064f5f5c3af3c46ca3e2c25.ctex[39m[0m
[   7% ] [90m[1msavepack[22m | 파일 저장 중: res://assets/cards/card_blue.png.import[39m[0m
[   7% ] [90m[1msavepack[22m | 파일 저장 중: res://.godot/imported/card_purple.png-236dfb474698488b457652d36fd38f79.ctex[39m[0m
[   7% ] [90m[1msavepack[22m | 파일 저장 중: res://assets/cards/card_purple.png.import[39m[0m
[   7% ] [90m[1msavepack[22m | 파일 저장 중: res://.godot/imported/card_white.png-bdb03c15fded8edcd527a5e97d641062.ctex[39m[0m
[   7% ] [90m[1msavepack[22m | 파일 저장 중: res://assets/cards/card_white.png.import[39m[0m
[   7% ] [90m[1msavepack[22m | 파일 저장 중: res://.godot/imported/card_yellow.png-83f02f20f49324c4fd2daba3a8973231.ctex[39m[0m
[   7% ] [90m[1msavepack[22m | 파일 저장 중: res://assets/cards/card_yellow.png.import[39m[0m
[   8% ] [90m[1msavepack[22m | 파일 저장 중: res://.godot/imported/girl_10001.png-085d34a2f6cb9ec0ad31a98877f499e5.ctex[39m[0m
[   8% ] [90m[1msavepack[22m | 파일 저장 중: res://assets/characters/girl_1/girl_10001.png.import[39m[0m
[   8% ] [90m[1msavepack[22m | 파일 저장 중: res://.godot/imported/girl_10002.png-af9e12a4d4c0865721e9d579b28a18dd.ctex[39m[0m
[   8% ] [90m[1msavepack[22m | 파일 저장 중: res://assets/characters/girl_1/girl_10002.png.import[39m[0m
[   8% ] [90m[1msavepack[22m | 파일 저장 중: res://.godot/imported/girl_10003.png-88e80e53a160ad9641638e4c6af4a378.ctex[39m[0m
[   8% ] [90m[1msavepack[22m | 파일 저장 중: res://assets/characters/girl_1/girl_10003.png.import[39m[0m
[   8% ] [90m[1msavepack[22m | 파일 저장 중: res://.godot/imported/girl_10004.png-8a498d6348cfed48b1a26143034f9040.ctex[39m[0m
[   8% ] [90m[1msavepack[22m | 파일 저장 중: res://assets/characters/girl_1/girl_10004.png.import[39m[0m
[   8% ] [90m[1msavepack[22m | 파일 저장 중: res://.godot/imported/girl_10005.png-8ef3c2521cd3a34a0e03d30b6f315a92.ctex[39m[0m
[   8% ] [90m[1msavepack[22m | 파일 저장 중: res://assets/characters/girl_1/girl_10005.png.import[39m[0m
[   9% ] [90m[1msavepack[22m | 파일 저장 중: res://.godot/imported/decoy_bomb.png-acf3316f4a707acd7fddcdfe657b82ff.ctex[39m[0m
[   9% ] [90m[1msavepack[22m | 파일 저장 중: res://assets/consumables/decoy_bomb.png.import[39m[0m
[   9% ] [90m[1msavepack[22m | 파일 저장 중: res://.godot/imported/grenade.png-3754fea5128b006cdefb502d4cfa420d.ctex[39m[0m
[   9% ] [90m[1msavepack[22m | 파일 저장 중: res://assets/consumables/grenade.png.import[39m[0m
[   9% ] [90m[1msavepack[22m | 파일 저장 중: res://.godot/imported/grenade_launcher.png-baba3474000ccd733cf5e5d0707f742e.ctex[39m[0m
[   9% ] [90m[1msavepack[22m | 파일 저장 중: res://assets/consumables/grenade_launcher.png.import[39m[0m
[   9% ] [90m[1msavepack[22m | 파일 저장 중: res://.godot/imported/heavy_grenade.png-6fd62a8e5e83d00b4dace615f12fe4ed.ctex[39m[0m
[   9% ] [90m[1msavepack[22m | 파일 저장 중: res://assets/consumables/heavy_grenade.png.import[39m[0m
[  10% ] [90m[1msavepack[22m | 파일 저장 중: res://.godot/imported/ice_bomb.png-44c8ccc1619203ff6d043834c78ee968.ctex[39m[0m
[  10% ] [90m[1msavepack[22m | 파일 저장 중: res://assets/consumables/ice_bomb.png.import[39m[0m
[  10% ] [90m[1msavepack[22m | 파일 저장 중: res://.godot/imported/rolling_barrel.png-823e0e13808e7489bf604e72ae334697.ctex[39m[0m
[  10% ] [90m[1msavepack[22m | 파일 저장 중: res://assets/consumables/rolling_barrel.png.import[39m[0m
[  10% ] [90m[1msavepack[22m | 파일 저장 중: res://.godot/imported/0.png-c654a6655a21565d756486f15846910f.ctex[39m[0m
[  10% ] [90m[1msavepack[22m | 파일 저장 중: res://assets/effects/big_bomb/0.png.import[39m[0m
[  10% ] [90m[1msavepack[22m | 파일 저장 중: res://.godot/imported/1.png-86e126e9de7bad09c55b5507e9e65b5c.ctex[39m[0m
[  10% ] [90m[1msavepack[22m | 파일 저장 중: res://assets/effects/big_bomb/1.png.import[39m[0m
[  10% ] [90m[1msavepack[22m | 파일 저장 중: res://.godot/imported/2.png-69cd02eb949bcac72a15e8ce65e3eb01.ctex[39m[0m
[  10% ] [90m[1msavepack[22m | 파일 저장 중: res://assets/effects/big_bomb/2.png.import[39m[0m
[  11% ] [90m[1msavepack[22m | 파일 저장 중: res://.godot/imported/3.png-4f429e04c9b5a2ccf00ec494c0fd5d58.ctex[39m[0m
[  11% ] [90m[1msavepack[22m | 파일 저장 중: res://assets/effects/big_bomb/3.png.import[39m[0m
[  11% ] [90m[1msavepack[22m | 파일 저장 중: res://.godot/imported/4.png-959d6fbdda518901e481ab45a64bdae8.ctex[39m[0m
[  11% ] [90m[1msavepack[22m | 파일 저장 중: res://assets/effects/big_bomb/4.png.import[39m[0m
[  11% ] [90m[1msavepack[22m | 파일 저장 중: res://.godot/imported/5.png-275dba69de2572cb80c1c97688e71f1a.ctex[39m[0m
[  11% ] [90m[1msavepack[22m | 파일 저장 중: res://assets/effects/big_bomb/5.png.import[39m[0m
[  11% ] [90m[1msavepack[22m | 파일 저장 중: res://.godot/imported/6.png-74becd8137069f203272389fa6a8f08c.ctex[39m[0m
[  11% ] [90m[1msavepack[22m | 파일 저장 중: res://assets/effects/big_bomb/6.png.import[39m[0m
[  11% ] [90m[1msavepack[22m | 파일 저장 중: res://.godot/imported/7.png-aa557422c324f8d2410da0a860b34104.ctex[39m[0m
[  11% ] [90m[1msavepack[22m | 파일 저장 중: res://assets/effects/big_bomb/7.png.import[39m[0m
[  12% ] [90m[1msavepack[22m | 파일 저장 중: res://.godot/imported/8.png-602d30b28f0cba51ec26211cbd4714ba.ctex[39m[0m
[  12% ] [90m[1msavepack[22m | 파일 저장 중: res://assets/effects/big_bomb/8.png.import[39m[0m
[  12% ] [90m[1msavepack[22m | 파일 저장 중: res://.godot/imported/9.png-f07e05e974ce29abf49ada1607f29a24.ctex[39m[0m
[  12% ] [90m[1msavepack[22m | 파일 저장 중: res://assets/effects/big_bomb/9.png.import[39m[0m
[  12% ] [90m[1msavepack[22m | 파일 저장 중: res://.godot/imported/10.png-ac416c9fd67e311b9063c7b43e87b800.ctex[39m[0m
[  12% ] [90m[1msavepack[22m | 파일 저장 중: res://assets/effects/big_bomb/10.png.import[39m[0m
[  12% ] [90m[1msavepack[22m | 파일 저장 중: res://.godot/imported/11.png-09ae1db41b84317240373582d2ece32a.ctex[39m[0m
[  12% ] [90m[1msavepack[22m | 파일 저장 중: res://assets/effects/big_bomb/11.png.import[39m[0m
[  13% ] [90m[1msavepack[22m | 파일 저장 중: res://.godot/imported/blood_00.png-4288ff22c19afc111f1a115a56630087.ctex[39m[0m
[  13% ] [90m[1msavepack[22m | 파일 저장 중: res://assets/effects/blood_hit/blood_00.png.import[39m[0m
[  13% ] [90m[1msavepack[22m | 파일 저장 중: res://.godot/imported/blood_01.png-92494e106f5eb6ba9931ee54ff515de7.ctex[39m[0m
[  13% ] [90m[1msavepack[22m | 파일 저장 중: res://assets/effects/blood_hit/blood_01.png.import[39m[0m
[  13% ] [90m[1msavepack[22m | 파일 저장 중: res://.godot/imported/blood_02.png-c2ae1750d51cbec374f19e85fe56a552.ctex[39m[0m
[  13% ] [90m[1msavepack[22m | 파일 저장 중: res://assets/effects/blood_hit/blood_02.png.import[39m[0m
[  13% ] [90m[1msavepack[22m | 파일 저장 중: res://.godot/imported/blood_03.png-d583f5124060873108a817f30630c876.ctex[39m[0m
[  13% ] [90m[1msavepack[22m | 파일 저장 중: res://assets/effects/blood_hit/blood_03.png.import[39m[0m
[  13% ] [90m[1msavepack[22m | 파일 저장 중: res://.godot/imported/blood_04.png-0b119148acea9d4b53ddad9d14877374.ctex[39m[0m
[  13% ] [90m[1msavepack[22m | 파일 저장 중: res://assets/effects/blood_hit/blood_04.png.import[39m[0m
[  14% ] [90m[1msavepack[22m | 파일 저장 중: res://.godot/imported/blood_05.png-ed506d17fbb2b743b194cc388bd1a52c.ctex[39m[0m
[  14% ] [90m[1msavepack[22m | 파일 저장 중: res://assets/effects/blood_hit/blood_05.png.import[39m[0m
[  14% ] [90m[1msavepack[22m | 파일 저장 중: res://.godot/imported/blood_06.png-045b63270f3f38e4ec057ebd1c980d05.ctex[39m[0m
[  14% ] [90m[1msavepack[22m | 파일 저장 중: res://assets/effects/blood_hit/blood_06.png.import[39m[0m
[  14% ] [90m[1msavepack[22m | 파일 저장 중: res://.godot/imported/bomb_1_00.png-c0d080bcab2cd4fa4a8024d340843f57.ctex[39m[0m
[  14% ] [90m[1msavepack[22m | 파일 저장 중: res://assets/effects/bomb_type3/bomb_1_00.png.import[39m[0m
[  14% ] [90m[1msavepack[22m | 파일 저장 중: res://.godot/imported/bomb_1_01.png-ee1e025917d3b4c6be696837dfbb1374.ctex[39m[0m
[  14% ] [90m[1msavepack[22m | 파일 저장 중: res://assets/effects/bomb_type3/bomb_1_01.png.import[39m[0m
[  14% ] [90m[1msavepack[22m | 파일 저장 중: res://.godot/imported/bomb_1_02.png-3e38d65e771541dd9addb017abfc0fcd.ctex[39m[0m
[  14% ] [90m[1msavepack[22m | 파일 저장 중: res://assets/effects/bomb_type3/bomb_1_02.png.import[39m[0m
[  15% ] [90m[1msavepack[22m | 파일 저장 중: res://.godot/imported/bomb_1_03.png-046d89ee8341f2e45669f95dfef66991.ctex[39m[0m
[  15% ] [90m[1msavepack[22m | 파일 저장 중: res://assets/effects/bomb_type3/bomb_1_03.png.import[39m[0m
[  15% ] [90m[1msavepack[22m | 파일 저장 중: res://.godot/imported/bomb_1_04.png-f8233572f822f60986ed6dee3c9071d6.ctex[39m[0m
[  15% ] [90m[1msavepack[22m | 파일 저장 중: res://assets/effects/bomb_type3/bomb_1_04.png.import[39m[0m
[  15% ] [90m[1msavepack[22m | 파일 저장 중: res://.godot/imported/bomb_1_05.png-a81b44e54b72d0b3e777cb1e3c587379.ctex[39m[0m
[  15% ] [90m[1msavepack[22m | 파일 저장 중: res://assets/effects/bomb_type3/bomb_1_05.png.import[39m[0m
[  15% ] [90m[1msavepack[22m | 파일 저장 중: res://.godot/imported/bomb_1_06.png-fc25f6aaadc7ca6c5f70e35c5dc1240e.ctex[39m[0m
[  15% ] [90m[1msavepack[22m | 파일 저장 중: res://assets/effects/bomb_type3/bomb_1_06.png.import[39m[0m
[  16% ] [90m[1msavepack[22m | 파일 저장 중: res://.godot/imported/bomb_1_07.png-5d865b6b830c4f6a138a7dec0f24d1de.ctex[39m[0m
[  16% ] [90m[1msavepack[22m | 파일 저장 중: res://assets/effects/bomb_type3/bomb_1_07.png.import[39m[0m
[  16% ] [90m[1msavepack[22m | 파일 저장 중: res://.godot/imported/bomb_1_08.png-6cb2cfa9a1c3c2c3e4dd159912cf338f.ctex[39m[0m
[  16% ] [90m[1msavepack[22m | 파일 저장 중: res://assets/effects/bomb_type3/bomb_1_08.png.import[39m[0m
[  16% ] [90m[1msavepack[22m | 파일 저장 중: res://.godot/imported/bomb_1_09.png-4484385be527d4c5aee04bb08b5c1d0f.ctex[39m[0m
[  16% ] [90m[1msavepack[22m | 파일 저장 중: res://assets/effects/bomb_type3/bomb_1_09.png.import[39m[0m
[  16% ] [90m[1msavepack[22m | 파일 저장 중: res://.godot/imported/fire__00.png-4ae00410f7da41afcaeeb58cd361c7b7.ctex[39m[0m
[  16% ] [90m[1msavepack[22m | 파일 저장 중: res://assets/effects/fire_hit/fire__00.png.import[39m[0m
[  16% ] [90m[1msavepack[22m | 파일 저장 중: res://.godot/imported/fire__01.png-af4b7b56a4fd7f9af8f740593343f2b0.ctex[39m[0m
[  16% ] [90m[1msavepack[22m | 파일 저장 중: res://assets/effects/fire_hit/fire__01.png.import[39m[0m
[  17% ] [90m[1msavepack[22m | 파일 저장 중: res://.godot/imported/fire__02.png-efb323d18d750d1a906a6db2950bbb5b.ctex[39m[0m
[  17% ] [90m[1msavepack[22m | 파일 저장 중: res://assets/effects/fire_hit/fire__02.png.import[39m[0m
[  17% ] [90m[1msavepack[22m | 파일 저장 중: res://.godot/imported/fire__03.png-005a568300cf205d0cd47fb59cf1a551.ctex[39m[0m
[  17% ] [90m[1msavepack[22m | 파일 저장 중: res://assets/effects/fire_hit/fire__03.png.import[39m[0m
[  17% ] [90m[1msavepack[22m | 파일 저장 중: res://.godot/imported/fire__04.png-f45633b3c8703f471778a6b76b95f9a0.ctex[39m[0m
[  17% ] [90m[1msavepack[22m | 파일 저장 중: res://assets/effects/fire_hit/fire__04.png.import[39m[0m
[  17% ] [90m[1msavepack[22m | 파일 저장 중: res://.godot/imported/fire__05.png-8bcbf4c1d1933fc6ca1116bab295aeb6.ctex[39m[0m
[  17% ] [90m[1msavepack[22m | 파일 저장 중: res://assets/effects/fire_hit/fire__05.png.import[39m[0m
[  17% ] [90m[1msavepack[22m | 파일 저장 중: res://.godot/imported/fire__06.png-a08a3401e2c8c2c6340d506503551518.ctex[39m[0m
[  17% ] [90m[1msavepack[22m | 파일 저장 중: res://assets/effects/fire_hit/fire__06.png.import[39m[0m
[  18% ] [90m[1msavepack[22m | 파일 저장 중: res://.godot/imported/fire__07.png-7ea789cdbbced01f1da3ec4f110064e5.ctex[39m[0m
[  18% ] [90m[1msavepack[22m | 파일 저장 중: res://assets/effects/fire_hit/fire__07.png.import[39m[0m
[  18% ] [90m[1msavepack[22m | 파일 저장 중: res://.godot/imported/fire__08.png-6a52fdcaddae02b79c77bd7ee5b79620.ctex[39m[0m
[  18% ] [90m[1msavepack[22m | 파일 저장 중: res://assets/effects/fire_hit/fire__08.png.import[39m[0m
[  18% ] [90m[1msavepack[22m | 파일 저장 중: res://.godot/imported/fire__09.png-702579040cf36e25c24c36ab47b2683c.ctex[39m[0m
[  18% ] [90m[1msavepack[22m | 파일 저장 중: res://assets/effects/fire_hit/fire__09.png.import[39m[0m
[  18% ] [90m[1msavepack[22m | 파일 저장 중: res://.godot/imported/fire__10.png-b688f9d97de9b4cf3126e2d3173c9ee8.ctex[39m[0m
[  18% ] [90m[1msavepack[22m | 파일 저장 중: res://assets/effects/fire_hit/fire__10.png.import[39m[0m
[  19% ] [90m[1msavepack[22m | 파일 저장 중: res://.godot/imported/fire__11.png-7715425aa1ae5e2c90fe2a3cdd697385.ctex[39m[0m
[  19% ] [90m[1msavepack[22m | 파일 저장 중: res://assets/effects/fire_hit/fire__11.png.import[39m[0m
[  19% ] [90m[1msavepack[22m | 파일 저장 중: res://.godot/imported/fire__12.png-ebc8ae96ce3944c7da5b2a0cbc4b04db.ctex[39m[0m
[  19% ] [90m[1msavepack[22m | 파일 저장 중: res://assets/effects/fire_hit/fire__12.png.import[39m[0m
[  19% ] [90m[1msavepack[22m | 파일 저장 중: res://.godot/imported/fire__13.png-b99b8366015a727d9b27a405b8b829b7.ctex[39m[0m
[  19% ] [90m[1msavepack[22m | 파일 저장 중: res://assets/effects/fire_hit/fire__13.png.import[39m[0m
[  19% ] [90m[1msavepack[22m | 파일 저장 중: res://.godot/imported/fire__14.png-2c446b2258bb6a31a6ad71a22d3ab161.ctex[39m[0m
[  19% ] [90m[1msavepack[22m | 파일 저장 중: res://assets/effects/fire_hit/fire__14.png.import[39m[0m
[  19% ] [90m[1msavepack[22m | 파일 저장 중: res://.godot/imported/fire__15.png-b23a9d9b8b014c4689665d320d3ad089.ctex[39m[0m
[  19% ] [90m[1msavepack[22m | 파일 저장 중: res://assets/effects/fire_hit/fire__15.png.import[39m[0m
[  20% ] [90m[1msavepack[22m | 파일 저장 중: res://.godot/imported/heal_00.png-8bf3713ef85efee52a700d233372568b.ctex[39m[0m
[  20% ] [90m[1msavepack[22m | 파일 저장 중: res://assets/effects/heal/heal_00.png.import[39m[0m
[  20% ] [90m[1msavepack[22m | 파일 저장 중: res://.godot/imported/heal_01.png-27cf8695965cd68b6f5796e9dfbc9bb7.ctex[39m[0m
[  20% ] [90m[1msavepack[22m | 파일 저장 중: res://assets/effects/heal/heal_01.png.import[39m[0m
[  20% ] [90m[1msavepack[22m | 파일 저장 중: res://.godot/imported/heal_02.png-c00638c8d159c236ee7dabaac4ba1acc.ctex[39m[0m
[  20% ] [90m[1msavepack[22m | 파일 저장 중: res://assets/effects/heal/heal_02.png.import[39m[0m
[  20% ] [90m[1msavepack[22m | 파일 저장 중: res://.godot/imported/heal_03.png-8e1023fc9475f0aabcbe414a027f1727.ctex[39m[0m
[  20% ] [90m[1msavepack[22m | 파일 저장 중: res://assets/effects/heal/heal_03.png.import[39m[0m
[  21% ] [90m[1msavepack[22m | 파일 저장 중: res://.godot/imported/heal_04.png-7860979fa76f2e784b3760503702661e.ctex[39m[0m
[  21% ] [90m[1msavepack[22m | 파일 저장 중: res://assets/effects/heal/heal_04.png.import[39m[0m
[  21% ] [90m[1msavepack[22m | 파일 저장 중: res://.godot/imported/heal_05.png-7a03f999a1f923891476f40f18bb9c2d.ctex[39m[0m
[  21% ] [90m[1msavepack[22m | 파일 저장 중: res://assets/effects/heal/heal_05.png.import[39m[0m
[  21% ] [90m[1msavepack[22m | 파일 저장 중: res://.godot/imported/heal_06.png-9e167af07b70b8b9908462fd614a6501.ctex[39m[0m
[  21% ] [90m[1msavepack[22m | 파일 저장 중: res://assets/effects/heal/heal_06.png.import[39m[0m
[  21% ] [90m[1msavepack[22m | 파일 저장 중: res://.godot/imported/heal_07.png-c01f5995f41217c6b364555a59c2f381.ctex[39m[0m
[  21% ] [90m[1msavepack[22m | 파일 저장 중: res://assets/effects/heal/heal_07.png.import[39m[0m
[  21% ] [90m[1msavepack[22m | 파일 저장 중: res://.godot/imported/heal_08.png-ff9b681326e894407d32d0b71481640a.ctex[39m[0m
[  21% ] [90m[1msavepack[22m | 파일 저장 중: res://assets/effects/heal/heal_08.png.import[39m[0m
[  22% ] [90m[1msavepack[22m | 파일 저장 중: res://.godot/imported/heal_09.png-c03153c4d0be7d04c8745329775d67a1.ctex[39m[0m
[  22% ] [90m[1msavepack[22m | 파일 저장 중: res://assets/effects/heal/heal_09.png.import[39m[0m
[  22% ] [90m[1msavepack[22m | 파일 저장 중: res://.godot/imported/heal_10.png-a85cddebab7969c7c91696d43a307e5b.ctex[39m[0m
[  22% ] [90m[1msavepack[22m | 파일 저장 중: res://assets/effects/heal/heal_10.png.import[39m[0m
[  22% ] [90m[1msavepack[22m | 파일 저장 중: res://.godot/imported/heal_11.png-148ac48ffd9dda480d4cc8488532bdfb.ctex[39m[0m
[  22% ] [90m[1msavepack[22m | 파일 저장 중: res://assets/effects/heal/heal_11.png.import[39m[0m
[  22% ] [90m[1msavepack[22m | 파일 저장 중: res://.godot/imported/heal_12.png-551cac27ecc5ec2bc266776d4fade351.ctex[39m[0m
[  22% ] [90m[1msavepack[22m | 파일 저장 중: res://assets/effects/heal/heal_12.png.import[39m[0m
[  22% ] [90m[1msavepack[22m | 파일 저장 중: res://.godot/imported/heal_13.png-2628ad1baa53c495abc863a53250eb7c.ctex[39m[0m
[  22% ] [90m[1msavepack[22m | 파일 저장 중: res://assets/effects/heal/heal_13.png.import[39m[0m
[  23% ] [90m[1msavepack[22m | 파일 저장 중: res://.godot/imported/heal_14.png-ffa0dcbbaed016c18d887ef95a08ef41.ctex[39m[0m
[  23% ] [90m[1msavepack[22m | 파일 저장 중: res://assets/effects/heal/heal_14.png.import[39m[0m
[  23% ] [90m[1msavepack[22m | 파일 저장 중: res://.godot/imported/heal_15.png-cbc0c69b805851dd44153a84f2a1e140.ctex[39m[0m
[  23% ] [90m[1msavepack[22m | 파일 저장 중: res://assets/effects/heal/heal_15.png.import[39m[0m
[  23% ] [90m[1msavepack[22m | 파일 저장 중: res://.godot/imported/heal_16.png-38bc2871fc92d502bb9b3186872c7927.ctex[39m[0m
[  23% ] [90m[1msavepack[22m | 파일 저장 중: res://assets/effects/heal/heal_16.png.import[39m[0m
[  23% ] [90m[1msavepack[22m | 파일 저장 중: res://.godot/imported/heal_17.png-625c0cbb03e597dd10795788baf218d2.ctex[39m[0m
[  23% ] [90m[1msavepack[22m | 파일 저장 중: res://assets/effects/heal/heal_17.png.import[39m[0m
[  24% ] [90m[1msavepack[22m | 파일 저장 중: res://.godot/imported/heal_18.png-0925fe649d3ca055a10c3bfc3537412b.ctex[39m[0m
[  24% ] [90m[1msavepack[22m | 파일 저장 중: res://assets/effects/heal/heal_18.png.import[39m[0m
[  24% ] [90m[1msavepack[22m | 파일 저장 중: res://.godot/imported/heal_19.png-4953bf83099f9b748f09632da43654b8.ctex[39m[0m
[  24% ] [90m[1msavepack[22m | 파일 저장 중: res://assets/effects/heal/heal_19.png.import[39m[0m
[  24% ] [90m[1msavepack[22m | 파일 저장 중: res://.godot/imported/heal_20.png-fa65fe27959b7efe68bfdcf7f4c149e7.ctex[39m[0m
[  24% ] [90m[1msavepack[22m | 파일 저장 중: res://assets/effects/heal/heal_20.png.import[39m[0m
[  24% ] [90m[1msavepack[22m | 파일 저장 중: res://.godot/imported/ice_bomb_00.png-b3a577eaa4cc583b3c623fd8e6ad89fb.ctex[39m[0m
[  24% ] [90m[1msavepack[22m | 파일 저장 중: res://assets/effects/ice_bomb/ice_bomb_00.png.import[39m[0m
[  24% ] [90m[1msavepack[22m | 파일 저장 중: res://.godot/imported/ice_bomb_01.png-2b3e0511abcf30053376b7d1ec5e3a9c.ctex[39m[0m
[  24% ] [90m[1msavepack[22m | 파일 저장 중: res://assets/effects/ice_bomb/ice_bomb_01.png.import[39m[0m
[  25% ] [90m[1msavepack[22m | 파일 저장 중: res://.godot/imported/ice_bomb_02.png-d360bc821b8504b42f6ad8440152fea8.ctex[39m[0m
[  25% ] [90m[1msavepack[22m | 파일 저장 중: res://assets/effects/ice_bomb/ice_bomb_02.png.import[39m[0m
[  25% ] [90m[1msavepack[22m | 파일 저장 중: res://.godot/imported/ice_bomb_03.png-9e4ad3099500b36de4bb03583fbff1e7.ctex[39m[0m
[  25% ] [90m[1msavepack[22m | 파일 저장 중: res://assets/effects/ice_bomb/ice_bomb_03.png.import[39m[0m
[  25% ] [90m[1msavepack[22m | 파일 저장 중: res://.godot/imported/ice_bomb_04.png-7fe4b59e8853a5bdbbd41bcd5fc56a1d.ctex[39m[0m
[  25% ] [90m[1msavepack[22m | 파일 저장 중: res://assets/effects/ice_bomb/ice_bomb_04.png.import[39m[0m
[  25% ] [90m[1msavepack[22m | 파일 저장 중: res://.godot/imported/ice_bomb_05.png-70aeb41ff5cab56b14edf82cb2f46d32.ctex[39m[0m
[  25% ] [90m[1msavepack[22m | 파일 저장 중: res://assets/effects/ice_bomb/ice_bomb_05.png.import[39m[0m
[  25% ] [90m[1msavepack[22m | 파일 저장 중: res://.godot/imported/ice_bomb_06.png-89d36ba5214b9638e1dba8feed843598.ctex[39m[0m
[  25% ] [90m[1msavepack[22m | 파일 저장 중: res://assets/effects/ice_bomb/ice_bomb_06.png.import[39m[0m
[  26% ] [90m[1msavepack[22m | 파일 저장 중: res://.godot/imported/ice_bomb_07.png-1a706f29faede41866b7a25225dc6419.ctex[39m[0m
[  26% ] [90m[1msavepack[22m | 파일 저장 중: res://assets/effects/ice_bomb/ice_bomb_07.png.import[39m[0m
[  26% ] [90m[1msavepack[22m | 파일 저장 중: res://.godot/imported/ice_bomb_08.png-cbb2f9b673b8328318abdae299cf4399.ctex[39m[0m
[  26% ] [90m[1msavepack[22m | 파일 저장 중: res://assets/effects/ice_bomb/ice_bomb_08.png.import[39m[0m
[  26% ] [90m[1msavepack[22m | 파일 저장 중: res://.godot/imported/ice_bomb_09.png-7bc45b05247c77b8c4a05cbe9b710d8c.ctex[39m[0m
[  26% ] [90m[1msavepack[22m | 파일 저장 중: res://assets/effects/ice_bomb/ice_bomb_09.png.import[39m[0m
[  26% ] [90m[1msavepack[22m | 파일 저장 중: res://.godot/imported/ice_bomb_10.png-1c2a193af2fe3b4f39ed994b57ad251b.ctex[39m[0m
[  26% ] [90m[1msavepack[22m | 파일 저장 중: res://assets/effects/ice_bomb/ice_bomb_10.png.import[39m[0m
[  27% ] [90m[1msavepack[22m | 파일 저장 중: res://.godot/imported/ice_bomb_11.png-7921f64cad36521f6d3ccc7a252af19e.ctex[39m[0m
[  27% ] [90m[1msavepack[22m | 파일 저장 중: res://assets/effects/ice_bomb/ice_bomb_11.png.import[39m[0m
[  27% ] [90m[1msavepack[22m | 파일 저장 중: res://.godot/imported/ice1.png-fbfb454738efeb001f0062f877ac6656.ctex[39m[0m
[  27% ] [90m[1msavepack[22m | 파일 저장 중: res://assets/effects/ice_shards/ice1.png.import[39m[0m
[  27% ] [90m[1msavepack[22m | 파일 저장 중: res://.godot/imported/ice2.png-e0cd5b6e71854a7a91f395b114037a45.ctex[39m[0m
[  27% ] [90m[1msavepack[22m | 파일 저장 중: res://assets/effects/ice_shards/ice2.png.import[39m[0m
[  27% ] [90m[1msavepack[22m | 파일 저장 중: res://.godot/imported/ice3.png-337fa303b0c407bafe6ed52aaa4201a0.ctex[39m[0m
[  27% ] [90m[1msavepack[22m | 파일 저장 중: res://assets/effects/ice_shards/ice3.png.import[39m[0m
[  27% ] [90m[1msavepack[22m | 파일 저장 중: res://.godot/imported/ice4.png-4b2570efaa7487399bf0ecd2420cf99e.ctex[39m[0m
[  27% ] [90m[1msavepack[22m | 파일 저장 중: res://assets/effects/ice_shards/ice4.png.import[39m[0m
[  28% ] [90m[1msavepack[22m | 파일 저장 중: res://.godot/imported/bomb_icon.png-082dedca6bbad931f773e9b9718bc982.ctex[39m[0m
[  28% ] [90m[1msavepack[22m | 파일 저장 중: res://assets/effects/indicators/bomb_icon.png.import[39m[0m
[  28% ] [90m[1msavepack[22m | 파일 저장 중: res://.godot/imported/headshot_icon.png-5b981d8a455e2ecd8de9c517a243bd61.ctex[39m[0m
[  28% ] [90m[1msavepack[22m | 파일 저장 중: res://assets/effects/indicators/headshot_icon.png.import[39m[0m
[  28% ] [90m[1msavepack[22m | 파일 저장 중: res://.godot/imported/miss_icon.png-5554ccca3837b03ada244f5176fdc4ab.ctex[39m[0m
[  28% ] [90m[1msavepack[22m | 파일 저장 중: res://assets/effects/indicators/miss_icon.png.import[39m[0m
[  28% ] [90m[1msavepack[22m | 파일 저장 중: res://.godot/imported/truck_ef_00.png-48b6c80a5b01e7037ba968722a4b0a31.ctex[39m[0m
[  28% ] [90m[1msavepack[22m | 파일 저장 중: res://assets/effects/truck_hit/truck_ef_00.png.import[39m[0m
[  28% ] [90m[1msavepack[22m | 파일 저장 중: res://.godot/imported/truck_ef_01.png-f39b078313ebec17703cbacf4d73b8d3.ctex[39m[0m
[  28% ] [90m[1msavepack[22m | 파일 저장 중: res://assets/effects/truck_hit/truck_ef_01.png.import[39m[0m
[  29% ] [90m[1msavepack[22m | 파일 저장 중: res://.godot/imported/truck_ef_02.png-ae5a010b92f4c2726182e50675a08338.ctex[39m[0m
[  29% ] [90m[1msavepack[22m | 파일 저장 중: res://assets/effects/truck_hit/truck_ef_02.png.import[39m[0m
[  29% ] [90m[1msavepack[22m | 파일 저장 중: res://.godot/imported/truck_ef_03.png-8b4f732475adc3ff2267ba3efb92187a.ctex[39m[0m
[  29% ] [90m[1msavepack[22m | 파일 저장 중: res://assets/effects/truck_hit/truck_ef_03.png.import[39m[0m
[  29% ] [90m[1msavepack[22m | 파일 저장 중: res://.godot/imported/truck_ef_04.png-60a2fa92b320f313a06dba8dbd70cfbf.ctex[39m[0m
[  29% ] [90m[1msavepack[22m | 파일 저장 중: res://assets/effects/truck_hit/truck_ef_04.png.import[39m[0m
[  29% ] [90m[1msavepack[22m | 파일 저장 중: res://.godot/imported/truck_ef_05.png-ec8107f5a1c350cee10d92778e92ccc4.ctex[39m[0m
[  29% ] [90m[1msavepack[22m | 파일 저장 중: res://assets/effects/truck_hit/truck_ef_05.png.import[39m[0m
[  30% ] [90m[1msavepack[22m | 파일 저장 중: res://.godot/imported/truck_ef_06.png-a54386489bed37d26ab707f90ea8ab4d.ctex[39m[0m
[  30% ] [90m[1msavepack[22m | 파일 저장 중: res://assets/effects/truck_hit/truck_ef_06.png.import[39m[0m
[  30% ] [90m[1msavepack[22m | 파일 저장 중: res://.godot/imported/truck_ef_07.png-85536ecf5de6abc00c18078572655288.ctex[39m[0m
[  30% ] [90m[1msavepack[22m | 파일 저장 중: res://assets/effects/truck_hit/truck_ef_07.png.import[39m[0m
[  30% ] [90m[1msavepack[22m | 파일 저장 중: res://.godot/imported/truck_ef_08.png-2c6beb3142308bf94a92dfdb938155bd.ctex[39m[0m
[  30% ] [90m[1msavepack[22m | 파일 저장 중: res://assets/effects/truck_hit/truck_ef_08.png.import[39m[0m
[  30% ] [90m[1msavepack[22m | 파일 저장 중: res://.godot/imported/truck_ef_09.png-2159b303ef66a7cb30decd5ab50f5034.ctex[39m[0m
[  30% ] [90m[1msavepack[22m | 파일 저장 중: res://assets/effects/truck_hit/truck_ef_09.png.import[39m[0m
[  30% ] [90m[1msavepack[22m | 파일 저장 중: res://.godot/imported/truck_ef_10.png-3e6bc5b4e4c152d3cbf7675a8217ed43.ctex[39m[0m
[  30% ] [90m[1msavepack[22m | 파일 저장 중: res://assets/effects/truck_hit/truck_ef_10.png.import[39m[0m
[  31% ] [90m[1msavepack[22m | 파일 저장 중: res://.godot/imported/truck_ef_11.png-a05b4f85ddaabe984cb76801363d4301.ctex[39m[0m
[  31% ] [90m[1msavepack[22m | 파일 저장 중: res://assets/effects/truck_hit/truck_ef_11.png.import[39m[0m
[  31% ] [90m[1msavepack[22m | 파일 저장 중: res://.godot/imported/truck_ef_12.png-7ff1225cb70a40c8c510ce7650511c0e.ctex[39m[0m
[  31% ] [90m[1msavepack[22m | 파일 저장 중: res://assets/effects/truck_hit/truck_ef_12.png.import[39m[0m
[  31% ] [90m[1msavepack[22m | 파일 저장 중: res://.godot/imported/truck_ef_13.png-c3138108f1802c1acb05a53d3d71e75a.ctex[39m[0m
[  31% ] [90m[1msavepack[22m | 파일 저장 중: res://assets/effects/truck_hit/truck_ef_13.png.import[39m[0m
[  31% ] [90m[1msavepack[22m | 파일 저장 중: res://.godot/imported/truck_ef_14.png-8c443d4c5b76252c474ce9f26546a437.ctex[39m[0m
[  31% ] [90m[1msavepack[22m | 파일 저장 중: res://assets/effects/truck_hit/truck_ef_14.png.import[39m[0m
[  31% ] [90m[1msavepack[22m | 파일 저장 중: res://.godot/imported/truck_ef_15.png-fe9c65783f966680f97579ffb1b05a94.ctex[39m[0m
[  31% ] [90m[1msavepack[22m | 파일 저장 중: res://assets/effects/truck_hit/truck_ef_15.png.import[39m[0m
[  32% ] [90m[1msavepack[22m | 파일 저장 중: res://.godot/imported/truck_ef_16.png-b522b15ce3e25d498551cd19b7e824a0.ctex[39m[0m
[  32% ] [90m[1msavepack[22m | 파일 저장 중: res://assets/effects/truck_hit/truck_ef_16.png.import[39m[0m
[  32% ] [90m[1msavepack[22m | 파일 저장 중: res://.godot/imported/truck_ef_17.png-49ffc4fdcaf222da440f77b19c174a44.ctex[39m[0m
[  32% ] [90m[1msavepack[22m | 파일 저장 중: res://assets/effects/truck_hit/truck_ef_17.png.import[39m[0m
[  32% ] [90m[1msavepack[22m | 파일 저장 중: res://.godot/imported/truck_ef_18.png-06652e06b9c837d5cae86e8127afca05.ctex[39m[0m
[  32% ] [90m[1msavepack[22m | 파일 저장 중: res://assets/effects/truck_hit/truck_ef_18.png.import[39m[0m
[  32% ] [90m[1msavepack[22m | 파일 저장 중: res://.godot/imported/truck_ef_19.png-cf1322398d27f6601e93916c0fa774b9.ctex[39m[0m
[  32% ] [90m[1msavepack[22m | 파일 저장 중: res://assets/effects/truck_hit/truck_ef_19.png.import[39m[0m
[  33% ] [90m[1msavepack[22m | 파일 저장 중: res://.godot/imported/big_bomb30001.png-4260f2cbb3a42eca82d4e88625921537.ctex[39m[0m
[  33% ] [90m[1msavepack[22m | 파일 저장 중: res://assets/effects/type5_death_bomb/big_bomb30001.png.import[39m[0m
[  33% ] [90m[1msavepack[22m | 파일 저장 중: res://.godot/imported/big_bomb30002.png-007a61930e3a0edd20219c137145a20c.ctex[39m[0m
[  33% ] [90m[1msavepack[22m | 파일 저장 중: res://assets/effects/type5_death_bomb/big_bomb30002.png.import[39m[0m
[  33% ] [90m[1msavepack[22m | 파일 저장 중: res://.godot/imported/big_bomb30003.png-08905bd8ced0bc02a4b753af843fc1e7.ctex[39m[0m
[  33% ] [90m[1msavepack[22m | 파일 저장 중: res://assets/effects/type5_death_bomb/big_bomb30003.png.import[39m[0m
[  33% ] [90m[1msavepack[22m | 파일 저장 중: res://.godot/imported/big_bomb30004.png-86220271ceae4c5d63caccc726593622.ctex[39m[0m
[  33% ] [90m[1msavepack[22m | 파일 저장 중: res://assets/effects/type5_death_bomb/big_bomb30004.png.import[39m[0m
[  33% ] [90m[1msavepack[22m | 파일 저장 중: res://.godot/imported/big_bomb30005.png-dddf4c48fc645463e66da7ea7e813c48.ctex[39m[0m
[  33% ] [90m[1msavepack[22m | 파일 저장 중: res://assets/effects/type5_death_bomb/big_bomb30005.png.import[39m[0m
[  33% ] [90m[1msavepack[22m | 파일 저장 중: res://.godot/imported/big_bomb30006.png-20a1aaf350cd9dfff91ee665424d3695.ctex[39m[0m
[  33% ] [90m[1msavepack[22m | 파일 저장 중: res://assets/effects/type5_death_bomb/big_bomb30006.png.import[39m[0m
[  33% ] [90m[1msavepack[22m | 파일 저장 중: res://.godot/imported/big_bomb30007.png-9d1e1e2216708913b4f87df2d4be044a.ctex[39m[0m
[  33% ] [90m[1msavepack[22m | 파일 저장 중: res://assets/effects/type5_death_bomb/big_bomb30007.png.import[39m[0m
[  33% ] [90m[1msavepack[22m | 파일 저장 중: res://.godot/imported/big_bomb30008.png-fd041f77d5eb65a1b05dba118b78286f.ctex[39m[0m
[  33% ] [90m[1msavepack[22m | 파일 저장 중: res://assets/effects/type5_death_bomb/big_bomb30008.png.import[39m[0m
[  33% ] [90m[1msavepack[22m | 파일 저장 중: res://.godot/imported/big_bomb30009.png-c5dfeaf3a6cd9d31c578fe6211cc673e.ctex[39m[0m
[  33% ] [90m[1msavepack[22m | 파일 저장 중: res://assets/effects/type5_death_bomb/big_bomb30009.png.import[39m[0m
[  33% ] [90m[1msavepack[22m | 파일 저장 중: res://.godot/imported/big_bomb30010.png-a53c30c460f49e02b2acefc29fd304d6.ctex[39m[0m
[  33% ] [90m[1msavepack[22m | 파일 저장 중: res://assets/effects/type5_death_bomb/big_bomb30010.png.import[39m[0m
[  34% ] [90m[1msavepack[22m | 파일 저장 중: res://.godot/imported/big_bomb30011.png-b16b999408274f4ab202b95337f220ab.ctex[39m[0m
[  34% ] [90m[1msavepack[22m | 파일 저장 중: res://assets/effects/type5_death_bomb/big_bomb30011.png.import[39m[0m
[  34% ] [90m[1msavepack[22m | 파일 저장 중: res://.godot/imported/big_bomb30012.png-87fbd0236a5463dbe576f6295d766914.ctex[39m[0m
[  34% ] [90m[1msavepack[22m | 파일 저장 중: res://assets/effects/type5_death_bomb/big_bomb30012.png.import[39m[0m
[  34% ] [90m[1msavepack[22m | 파일 저장 중: res://.godot/imported/big_bomb30013.png-b915cf429994a440b2b30b514de91091.ctex[39m[0m
[  34% ] [90m[1msavepack[22m | 파일 저장 중: res://assets/effects/type5_death_bomb/big_bomb30013.png.import[39m[0m
[  34% ] [90m[1msavepack[22m | 파일 저장 중: res://.godot/imported/big_bomb30014.png-4e6df192e1d52fa4647221484b16bcab.ctex[39m[0m
[  34% ] [90m[1msavepack[22m | 파일 저장 중: res://assets/effects/type5_death_bomb/big_bomb30014.png.import[39m[0m
[  35% ] [90m[1msavepack[22m | 파일 저장 중: res://.godot/imported/big_bomb30015.png-d00f18eee5311de37e514f65dfea55ab.ctex[39m[0m
[  35% ] [90m[1msavepack[22m | 파일 저장 중: res://assets/effects/type5_death_bomb/big_bomb30015.png.import[39m[0m
[  35% ] [90m[1msavepack[22m | 파일 저장 중: res://.godot/imported/MonaS12TextKR.otf-2a7e91fdaa740bfe1eea9b8c3f8aada2.fontdata[39m[0m
[  35% ] [90m[1msavepack[22m | 파일 저장 중: res://assets/fonts/MonaS12TextKR.otf.import[39m[0m
[  35% ] [90m[1msavepack[22m | 파일 저장 중: res://.godot/imported/MonaS12TextKR.ttf-be682ca777274c651e186fa199419e82.fontdata[39m[0m
[  35% ] [90m[1msavepack[22m | 파일 저장 중: res://assets/fonts/MonaS12TextKR.ttf.import[39m[0m
[  35% ] [90m[1msavepack[22m | 파일 저장 중: res://.godot/imported/truck_down_10001.png-36d21bd9a2d6ccb213f605d0806d2884.ctex[39m[0m
[  35% ] [90m[1msavepack[22m | 파일 저장 중: res://assets/truck/truck_1/truck_down_10001.png.import[39m[0m
[  35% ] [90m[1msavepack[22m | 파일 저장 중: res://.godot/imported/truck_down_10002.png-2f58cecf05b8403232725995278d886d.ctex[39m[0m
[  35% ] [90m[1msavepack[22m | 파일 저장 중: res://assets/truck/truck_1/truck_down_10002.png.import[39m[0m
[  36% ] [90m[1msavepack[22m | 파일 저장 중: res://.godot/imported/truck_down_10003.png-7945da9fc02efdc92b22e21689e9d97b.ctex[39m[0m
[  36% ] [90m[1msavepack[22m | 파일 저장 중: res://assets/truck/truck_1/truck_down_10003.png.import[39m[0m
[  36% ] [90m[1msavepack[22m | 파일 저장 중: res://.godot/imported/truck_down_10004.png-94addd89c2798085f45848430789aa06.ctex[39m[0m
[  36% ] [90m[1msavepack[22m | 파일 저장 중: res://assets/truck/truck_1/truck_down_10004.png.import[39m[0m
[  36% ] [90m[1msavepack[22m | 파일 저장 중: res://.godot/imported/truck_down_10005.png-a3ff8dec238b0b309398fa8123b528c6.ctex[39m[0m
[  36% ] [90m[1msavepack[22m | 파일 저장 중: res://assets/truck/truck_1/truck_down_10005.png.import[39m[0m
[  36% ] [90m[1msavepack[22m | 파일 저장 중: res://.godot/imported/truck_down_10006.png-98b9b6448c2105ddf07e4f0d00e854e5.ctex[39m[0m
[  36% ] [90m[1msavepack[22m | 파일 저장 중: res://assets/truck/truck_1/truck_down_10006.png.import[39m[0m
[  36% ] [90m[1msavepack[22m | 파일 저장 중: res://.godot/imported/truck_down_10007.png-d913df2b72408b764476acf55097bbae.ctex[39m[0m
[  36% ] [90m[1msavepack[22m | 파일 저장 중: res://assets/truck/truck_1/truck_down_10007.png.import[39m[0m
[  37% ] [90m[1msavepack[22m | 파일 저장 중: res://.godot/imported/truck_up_100010001.png-c876ce97695f55955ad16176d3b8b09d.ctex[39m[0m
[  37% ] [90m[1msavepack[22m | 파일 저장 중: res://assets/truck/truck_1/truck_up_100010001.png.import[39m[0m
[  37% ] [90m[1msavepack[22m | 파일 저장 중: res://.godot/imported/truck_up_100010002.png-0028e03f8cc4c88185f04354ec086e3b.ctex[39m[0m
[  37% ] [90m[1msavepack[22m | 파일 저장 중: res://assets/truck/truck_1/truck_up_100010002.png.import[39m[0m
[  37% ] [90m[1msavepack[22m | 파일 저장 중: res://.godot/imported/truck_up_100010003.png-a1c01abdc434797a29fa3b053144e4db.ctex[39m[0m
[  37% ] [90m[1msavepack[22m | 파일 저장 중: res://assets/truck/truck_1/truck_up_100010003.png.import[39m[0m
[  37% ] [90m[1msavepack[22m | 파일 저장 중: res://.godot/imported/truck_up_100010004.png-d903f6cf2338d6f4c172a5c4c3c70654.ctex[39m[0m
[  37% ] [90m[1msavepack[22m | 파일 저장 중: res://assets/truck/truck_1/truck_up_100010004.png.import[39m[0m
[  38% ] [90m[1msavepack[22m | 파일 저장 중: res://.godot/imported/truck_up_100010005.png-c40c5809a3c9ccd36c8f803e7bcf3a9e.ctex[39m[0m
[  38% ] [90m[1msavepack[22m | 파일 저장 중: res://assets/truck/truck_1/truck_up_100010005.png.import[39m[0m
[  38% ] [90m[1msavepack[22m | 파일 저장 중: res://.godot/imported/truck_up_100010006.png-4f6d81411eea469432917967a51cbef8.ctex[39m[0m
[  38% ] [90m[1msavepack[22m | 파일 저장 중: res://assets/truck/truck_1/truck_up_100010006.png.import[39m[0m
[  38% ] [90m[1msavepack[22m | 파일 저장 중: res://.godot/imported/truck_up_100010007.png-9ed5417eac31c24a7b6a205559964093.ctex[39m[0m
[  38% ] [90m[1msavepack[22m | 파일 저장 중: res://assets/truck/truck_1/truck_up_100010007.png.import[39m[0m
[  38% ] [90m[1msavepack[22m | 파일 저장 중: res://.godot/imported/truck_2_down0001.png-7db762054e95a4db1eef1f1ebe592615.ctex[39m[0m
[  38% ] [90m[1msavepack[22m | 파일 저장 중: res://assets/truck/truck_2/down/truck_2_down0001.png.import[39m[0m
[  38% ] [90m[1msavepack[22m | 파일 저장 중: res://.godot/imported/truck_2_down0002.png-9a47ea1c6259659aae5ae2a3a89fa1da.ctex[39m[0m
[  38% ] [90m[1msavepack[22m | 파일 저장 중: res://assets/truck/truck_2/down/truck_2_down0002.png.import[39m[0m
[  39% ] [90m[1msavepack[22m | 파일 저장 중: res://.godot/imported/truck_2_down0003.png-006eb5625249b5b68e475305bd50d902.ctex[39m[0m
[  39% ] [90m[1msavepack[22m | 파일 저장 중: res://assets/truck/truck_2/down/truck_2_down0003.png.import[39m[0m
[  39% ] [90m[1msavepack[22m | 파일 저장 중: res://.godot/imported/truck_2_down0004.png-a811de5f7dda52e88c124ccb4f03394a.ctex[39m[0m
[  39% ] [90m[1msavepack[22m | 파일 저장 중: res://assets/truck/truck_2/down/truck_2_down0004.png.import[39m[0m
[  39% ] [90m[1msavepack[22m | 파일 저장 중: res://.godot/imported/truck_2_down0005.png-65bef6368c93ebbca337eb6383212a56.ctex[39m[0m
[  39% ] [90m[1msavepack[22m | 파일 저장 중: res://assets/truck/truck_2/down/truck_2_down0005.png.import[39m[0m
[  39% ] [90m[1msavepack[22m | 파일 저장 중: res://.godot/imported/truck_2_down0006.png-95f81afda992f9c51bd271a2651bde1c.ctex[39m[0m
[  39% ] [90m[1msavepack[22m | 파일 저장 중: res://assets/truck/truck_2/down/truck_2_down0006.png.import[39m[0m
[  40% ] [90m[1msavepack[22m | 파일 저장 중: res://.godot/imported/truck_2_down0007.png-a28e01a76c8cf7731b4142df232d8d68.ctex[39m[0m
[  40% ] [90m[1msavepack[22m | 파일 저장 중: res://assets/truck/truck_2/down/truck_2_down0007.png.import[39m[0m
[  40% ] [90m[1msavepack[22m | 파일 저장 중: res://.godot/imported/truck_2_up0001.png-80c3d6b133888154338ce5ae01c4dd96.ctex[39m[0m
[  40% ] [90m[1msavepack[22m | 파일 저장 중: res://assets/truck/truck_2/up/truck_2_up0001.png.import[39m[0m
[  40% ] [90m[1msavepack[22m | 파일 저장 중: res://.godot/imported/truck_2_up0002.png-204cc26d5d4ec0245b61c2be64395d02.ctex[39m[0m
[  40% ] [90m[1msavepack[22m | 파일 저장 중: res://assets/truck/truck_2/up/truck_2_up0002.png.import[39m[0m
[  40% ] [90m[1msavepack[22m | 파일 저장 중: res://.godot/imported/truck_2_up0003.png-311331a530df0cd1e053c391c6736c33.ctex[39m[0m
[  40% ] [90m[1msavepack[22m | 파일 저장 중: res://assets/truck/truck_2/up/truck_2_up0003.png.import[39m[0m
[  40% ] [90m[1msavepack[22m | 파일 저장 중: res://.godot/imported/truck_2_up0004.png-fbba55b08229638582428b59a02b0d06.ctex[39m[0m
[  40% ] [90m[1msavepack[22m | 파일 저장 중: res://assets/truck/truck_2/up/truck_2_up0004.png.import[39m[0m
[  41% ] [90m[1msavepack[22m | 파일 저장 중: res://.godot/imported/truck_2_up0005.png-6200bbd5367396ff084a897e095e087a.ctex[39m[0m
[  41% ] [90m[1msavepack[22m | 파일 저장 중: res://assets/truck/truck_2/up/truck_2_up0005.png.import[39m[0m
[  41% ] [90m[1msavepack[22m | 파일 저장 중: res://.godot/imported/truck_2_up0006.png-3bf6b723afd2ddf4ae499304d88726b4.ctex[39m[0m
[  41% ] [90m[1msavepack[22m | 파일 저장 중: res://assets/truck/truck_2/up/truck_2_up0006.png.import[39m[0m
[  41% ] [90m[1msavepack[22m | 파일 저장 중: res://.godot/imported/truck_2_up0007.png-a1c4a89c8799b4b50b3519833688c456.ctex[39m[0m
[  41% ] [90m[1msavepack[22m | 파일 저장 중: res://assets/truck/truck_2/up/truck_2_up0007.png.import[39m[0m
[  41% ] [90m[1msavepack[22m | 파일 저장 중: res://.godot/imported/truck_2_00.png-78442e9644ead1cf093ad1fc11e9f168.ctex[39m[0m
[  41% ] [90m[1msavepack[22m | 파일 저장 중: res://assets/truck/truck_2/truck_2_00.png.import[39m[0m
[  41% ] [90m[1msavepack[22m | 파일 저장 중: res://.godot/imported/truck_2_01.png-4e888c26efcda25f227c35371fead7e1.ctex[39m[0m
[  41% ] [90m[1msavepack[22m | 파일 저장 중: res://assets/truck/truck_2/truck_2_01.png.import[39m[0m
[  42% ] [90m[1msavepack[22m | 파일 저장 중: res://.godot/imported/truck_2_02.png-4c090d21d05ef30b878b31d7a939e052.ctex[39m[0m
[  42% ] [90m[1msavepack[22m | 파일 저장 중: res://assets/truck/truck_2/truck_2_02.png.import[39m[0m
[  42% ] [90m[1msavepack[22m | 파일 저장 중: res://.godot/imported/truck_2_03.png-e6e358cd51d1c5bad699b5a920ef9c26.ctex[39m[0m
[  42% ] [90m[1msavepack[22m | 파일 저장 중: res://assets/truck/truck_2/truck_2_03.png.import[39m[0m
[  42% ] [90m[1msavepack[22m | 파일 저장 중: res://.godot/imported/truck_2_04.png-4b4cd82aba685d7cb912dcf09c2dc0e9.ctex[39m[0m
[  42% ] [90m[1msavepack[22m | 파일 저장 중: res://assets/truck/truck_2/truck_2_04.png.import[39m[0m
[  42% ] [90m[1msavepack[22m | 파일 저장 중: res://.godot/imported/truck_2_05.png-28ebbca3cc7cd5f20f77a62d38955498.ctex[39m[0m
[  42% ] [90m[1msavepack[22m | 파일 저장 중: res://assets/truck/truck_2/truck_2_05.png.import[39m[0m
[  43% ] [90m[1msavepack[22m | 파일 저장 중: res://.godot/imported/truck_2_06.png-27a290b0f21cb91137b1d9a8119548fe.ctex[39m[0m
[  43% ] [90m[1msavepack[22m | 파일 저장 중: res://assets/truck/truck_2/truck_2_06.png.import[39m[0m
[  43% ] [90m[1msavepack[22m | 파일 저장 중: res://.godot/imported/truck_down_1.png-100ab14cd551c1d58e3cafb321ac2576.ctex[39m[0m
[  43% ] [90m[1msavepack[22m | 파일 저장 중: res://assets/truck/truck_down_1.png.import[39m[0m
[  43% ] [90m[1msavepack[22m | 파일 저장 중: res://.godot/imported/truck_up_1.png-defbfb2ed6da201b58e90073ade0ac6b.ctex[39m[0m
[  43% ] [90m[1msavepack[22m | 파일 저장 중: res://assets/truck/truck_up_1.png.import[39m[0m
[  43% ] [90m[1msavepack[22m | 파일 저장 중: res://.godot/imported/app_icon_64.png-2707d9ce690164477da7be44003b53e8.ctex[39m[0m
[  43% ] [90m[1msavepack[22m | 파일 저장 중: res://assets/ui/app_icons/app_icon_64.png.import[39m[0m
[  43% ] [90m[1msavepack[22m | 파일 저장 중: res://.godot/imported/app_icon_144.png-c43b9b9e67d6bcb17412a6d7cf5d5793.ctex[39m[0m
[  43% ] [90m[1msavepack[22m | 파일 저장 중: res://assets/ui/app_icons/app_icon_144.png.import[39m[0m
[  44% ] [90m[1msavepack[22m | 파일 저장 중: res://.godot/imported/app_icon_180.png-cc852f45a0c7eea423683a32c25d51d5.ctex[39m[0m
[  44% ] [90m[1msavepack[22m | 파일 저장 중: res://assets/ui/app_icons/app_icon_180.png.import[39m[0m
[  44% ] [90m[1msavepack[22m | 파일 저장 중: res://.godot/imported/app_icon_192.png-810e61e6e1449c5b90594bf7401457b4.ctex[39m[0m
[  44% ] [90m[1msavepack[22m | 파일 저장 중: res://assets/ui/app_icons/app_icon_192.png.import[39m[0m
[  44% ] [90m[1msavepack[22m | 파일 저장 중: res://.godot/imported/app_icon_512.png-b4115e953f7acb65c505b89ffffc7f5b.ctex[39m[0m
[  44% ] [90m[1msavepack[22m | 파일 저장 중: res://assets/ui/app_icons/app_icon_512.png.import[39m[0m
[  44% ] [90m[1msavepack[22m | 파일 저장 중: res://.godot/imported/app_icon_1024.png-907df215e2c5aaed1686673bc8691dc8.ctex[39m[0m
[  44% ] [90m[1msavepack[22m | 파일 저장 중: res://assets/ui/app_icons/app_icon_1024.png.import[39m[0m
[  44% ] [90m[1msavepack[22m | 파일 저장 중: res://.godot/imported/action_button_blue_v2.png-d93edc9c0efb84b770875c53113119bd.ctex[39m[0m
[  44% ] [90m[1msavepack[22m | 파일 저장 중: res://assets/ui/buttons/action_button_blue_v2.png.import[39m[0m
[  45% ] [90m[1msavepack[22m | 파일 저장 중: res://.godot/imported/action_button_gold_v2.png-19ceaed7d310aba844e68778a8faedfa.ctex[39m[0m
[  45% ] [90m[1msavepack[22m | 파일 저장 중: res://assets/ui/buttons/action_button_gold_v2.png.import[39m[0m
[  45% ] [90m[1msavepack[22m | 파일 저장 중: res://.godot/imported/action_button_gray.png-674544f489b345a86672ba6107e4e421.ctex[39m[0m
[  45% ] [90m[1msavepack[22m | 파일 저장 중: res://assets/ui/buttons/action_button_gray.png.import[39m[0m
[  45% ] [90m[1msavepack[22m | 파일 저장 중: res://.godot/imported/action_button_red.png-8a51ec45d1d69fafd5bf1084524e8fd3.ctex[39m[0m
[  45% ] [90m[1msavepack[22m | 파일 저장 중: res://assets/ui/buttons/action_button_red.png.import[39m[0m
[  45% ] [90m[1msavepack[22m | 파일 저장 중: res://.godot/imported/action_button_red_v2.png-62af3771c8f1fa0bc2503468545d0d2f.ctex[39m[0m
[  45% ] [90m[1msavepack[22m | 파일 저장 중: res://assets/ui/buttons/action_button_red_v2.png.import[39m[0m
[  46% ] [90m[1msavepack[22m | 파일 저장 중: res://.godot/imported/disabled.png-9e6664818d08054b0e90fa5b491a5a0c.ctex[39m[0m
[  46% ] [90m[1msavepack[22m | 파일 저장 중: res://assets/ui/buttons/disabled.png.import[39m[0m
[  46% ] [90m[1msavepack[22m | 파일 저장 중: res://.godot/imported/primary.png-4161ad60e5117904de810a9f06dc467c.ctex[39m[0m
[  46% ] [90m[1msavepack[22m | 파일 저장 중: res://assets/ui/buttons/primary.png.import[39m[0m
[  46% ] [90m[1msavepack[22m | 파일 저장 중: res://.godot/imported/secondary.png-d3ae49a1886387e2caedb32198040836.ctex[39m[0m
[  46% ] [90m[1msavepack[22m | 파일 저장 중: res://assets/ui/buttons/secondary.png.import[39m[0m
[  46% ] [90m[1msavepack[22m | 파일 저장 중: res://.godot/imported/stage_button.png-9353f8a8df1502e2720fb768731486cc.ctex[39m[0m
[  46% ] [90m[1msavepack[22m | 파일 저장 중: res://assets/ui/buttons/stage_button.png.import[39m[0m
[  46% ] [90m[1msavepack[22m | 파일 저장 중: res://.godot/imported/stage_button_alpha.png-95f51244f624c8156780714f2635754c.ctex[39m[0m
[  46% ] [90m[1msavepack[22m | 파일 저장 중: res://assets/ui/buttons/stage_button_alpha.png.import[39m[0m
[  47% ] [90m[1msavepack[22m | 파일 저장 중: res://.godot/imported/stage_button_clean.png-a20811ad9b47f866a6be5cf52702eeb2.ctex[39m[0m
[  47% ] [90m[1msavepack[22m | 파일 저장 중: res://assets/ui/buttons/stage_button_clean.png.import[39m[0m
[  47% ] [90m[1msavepack[22m | 파일 저장 중: res://.godot/imported/stage_button_unlocked.png-d7dfba713561d94b5dfe2b5f5161d542.ctex[39m[0m
[  47% ] [90m[1msavepack[22m | 파일 저장 중: res://assets/ui/buttons/stage_button_unlocked.png.import[39m[0m
[  47% ] [90m[1msavepack[22m | 파일 저장 중: res://.godot/imported/stage_button_unlocked_alpha.png-6340d7e00631aebb0ca38bbea4a981a2.ctex[39m[0m
[  47% ] [90m[1msavepack[22m | 파일 저장 중: res://assets/ui/buttons/stage_button_unlocked_alpha.png.import[39m[0m
[  47% ] [90m[1msavepack[22m | 파일 저장 중: res://.godot/imported/stage_button_unlocked_clean.png-8d8c1a229bf173bc503a24b3e99ac662.ctex[39m[0m
[  47% ] [90m[1msavepack[22m | 파일 저장 중: res://assets/ui/buttons/stage_button_unlocked_clean.png.import[39m[0m
[  47% ] [90m[1msavepack[22m | 파일 저장 중: res://.godot/imported/grenade_bundle.png-90b4fc6967fd458128a5ddefe8040178.ctex[39m[0m
[  47% ] [90m[1msavepack[22m | 파일 저장 중: res://assets/ui/consumables/grenade_bundle.png.import[39m[0m
[  48% ] [90m[1msavepack[22m | 파일 저장 중: res://.godot/imported/ice_bomb.png-7b8f94ff4e75905534b4734535f0c216.ctex[39m[0m
[  48% ] [90m[1msavepack[22m | 파일 저장 중: res://assets/ui/consumables/ice_bomb.png.import[39m[0m
[  48% ] [90m[1msavepack[22m | 파일 저장 중: res://.godot/imported/repair_kit.png-409bdcd787b11cdc11f46b71c1446baa.ctex[39m[0m
[  48% ] [90m[1msavepack[22m | 파일 저장 중: res://assets/ui/consumables/repair_kit.png.import[39m[0m
[  48% ] [90m[1msavepack[22m | 파일 저장 중: res://.godot/imported/support_request.png-daba32ad3d42a16dff14d13577e6a0cf.ctex[39m[0m
[  48% ] [90m[1msavepack[22m | 파일 저장 중: res://assets/ui/consumables/support_request.png.import[39m[0m
[  48% ] [90m[1msavepack[22m | 파일 저장 중: res://.godot/imported/gold_coin.png-8e4f0aed8a1030cf45f1db111cc9d4cd.ctex[39m[0m
[  48% ] [90m[1msavepack[22m | 파일 저장 중: res://assets/ui/currency/gold_coin.png.import[39m[0m
[  49% ] [90m[1msavepack[22m | 파일 저장 중: res://.godot/imported/gold_coin.svg-64d631a25a2e3e9c4e652cd566235efc.ctex[39m[0m
[  49% ] [90m[1msavepack[22m | 파일 저장 중: res://assets/ui/currency/gold_coin.svg.import[39m[0m
[  49% ] [90m[1msavepack[22m | 파일 저장 중: res://.godot/imported/scrap.png-c350f937d5e279eb09ade9a63566ee9e.ctex[39m[0m
[  49% ] [90m[1msavepack[22m | 파일 저장 중: res://assets/ui/currency/scrap.png.import[39m[0m
[  49% ] [90m[1msavepack[22m | 파일 저장 중: res://.godot/imported/scrap.svg-55de548cef63e2968a96dc3a5e5af189.ctex[39m[0m
[  49% ] [90m[1msavepack[22m | 파일 저장 중: res://assets/ui/currency/scrap.svg.import[39m[0m
[  49% ] [90m[1msavepack[22m | 파일 저장 중: res://.godot/imported/coin_get0001.png-a7b9002b9b1fe4e5823aa12dc0edbabc.ctex[39m[0m
[  49% ] [90m[1msavepack[22m | 파일 저장 중: res://assets/ui/effects/coin_get/coin_get0001.png.import[39m[0m
[  49% ] [90m[1msavepack[22m | 파일 저장 중: res://.godot/imported/coin_get0002.png-7b849bdd5ef79b44587ea42c3eaea852.ctex[39m[0m
[  49% ] [90m[1msavepack[22m | 파일 저장 중: res://assets/ui/effects/coin_get/coin_get0002.png.import[39m[0m
[  50% ] [90m[1msavepack[22m | 파일 저장 중: res://.godot/imported/coin_get0003.png-2c6afab06749a97280a2b08a18cc955c.ctex[39m[0m
[  50% ] [90m[1msavepack[22m | 파일 저장 중: res://assets/ui/effects/coin_get/coin_get0003.png.import[39m[0m
[  50% ] [90m[1msavepack[22m | 파일 저장 중: res://.godot/imported/coin_get0004.png-b73d3ed1838bdb1756e2c1c5d43f2fb1.ctex[39m[0m
[  50% ] [90m[1msavepack[22m | 파일 저장 중: res://assets/ui/effects/coin_get/coin_get0004.png.import[39m[0m
[  50% ] [90m[1msavepack[22m | 파일 저장 중: res://.godot/imported/coin_get0005.png-c94be9ded2673c80443c741c04afd23f.ctex[39m[0m
[  50% ] [90m[1msavepack[22m | 파일 저장 중: res://assets/ui/effects/coin_get/coin_get0005.png.import[39m[0m
[  50% ] [90m[1msavepack[22m | 파일 저장 중: res://.godot/imported/coin_get0006.png-9e6111e48fa39329aa76ad255820c82d.ctex[39m[0m
[  50% ] [90m[1msavepack[22m | 파일 저장 중: res://assets/ui/effects/coin_get/coin_get0006.png.import[39m[0m
[  50% ] [90m[1msavepack[22m | 파일 저장 중: res://.godot/imported/coin_get0007.png-8fb1c1b10532a3d8d3756d7694d5cbfb.ctex[39m[0m
[  50% ] [90m[1msavepack[22m | 파일 저장 중: res://assets/ui/effects/coin_get/coin_get0007.png.import[39m[0m
[  51% ] [90m[1msavepack[22m | 파일 저장 중: res://.godot/imported/coin_get0008.png-5a24550a42176894cf8d38e085a2d2db.ctex[39m[0m
[  51% ] [90m[1msavepack[22m | 파일 저장 중: res://assets/ui/effects/coin_get/coin_get0008.png.import[39m[0m
[  51% ] [90m[1msavepack[22m | 파일 저장 중: res://.godot/imported/coin_get0009.png-d248d1bcd67e57ec5d0369312a78e086.ctex[39m[0m
[  51% ] [90m[1msavepack[22m | 파일 저장 중: res://assets/ui/effects/coin_get/coin_get0009.png.import[39m[0m
[  51% ] [90m[1msavepack[22m | 파일 저장 중: res://.godot/imported/coin_get0010.png-18bbc0583356ede9d1d2e2c5da939dfd.ctex[39m[0m
[  51% ] [90m[1msavepack[22m | 파일 저장 중: res://assets/ui/effects/coin_get/coin_get0010.png.import[39m[0m
[  51% ] [90m[1msavepack[22m | 파일 저장 중: res://.godot/imported/coin_get0011.png-5ce046871b9e2ed1de51b778bb78a24e.ctex[39m[0m
[  51% ] [90m[1msavepack[22m | 파일 저장 중: res://assets/ui/effects/coin_get/coin_get0011.png.import[39m[0m
[  52% ] [90m[1msavepack[22m | 파일 저장 중: res://.godot/imported/coin_get0012.png-a56a661761461996e798e2f2654dd82f.ctex[39m[0m
[  52% ] [90m[1msavepack[22m | 파일 저장 중: res://assets/ui/effects/coin_get/coin_get0012.png.import[39m[0m
[  52% ] [90m[1msavepack[22m | 파일 저장 중: res://.godot/imported/coin_get0013.png-09c601822635760772b477c66ed3bfb3.ctex[39m[0m
[  52% ] [90m[1msavepack[22m | 파일 저장 중: res://assets/ui/effects/coin_get/coin_get0013.png.import[39m[0m
[  52% ] [90m[1msavepack[22m | 파일 저장 중: res://.godot/imported/coin_get0014.png-a68666370e7fbe34d1998ba148805700.ctex[39m[0m
[  52% ] [90m[1msavepack[22m | 파일 저장 중: res://assets/ui/effects/coin_get/coin_get0014.png.import[39m[0m
[  52% ] [90m[1msavepack[22m | 파일 저장 중: res://.godot/imported/grenade_launcher.png-dab8636abcdff765e67e20d989a68e43.ctex[39m[0m
[  52% ] [90m[1msavepack[22m | 파일 저장 중: res://assets/ui/equipment/grenade_launcher.png.import[39m[0m
[  52% ] [90m[1msavepack[22m | 파일 저장 중: res://.godot/imported/fuel_empty.png-3117045fc9c0858a736c8f644862421d.ctex[39m[0m
[  52% ] [90m[1msavepack[22m | 파일 저장 중: res://assets/ui/fuel/fuel_empty.png.import[39m[0m
[  53% ] [90m[1msavepack[22m | 파일 저장 중: res://.godot/imported/fuel_full.png-30a6c5e54bafe83604ca841f5a3200f5.ctex[39m[0m
[  53% ] [90m[1msavepack[22m | 파일 저장 중: res://assets/ui/fuel/fuel_full.png.import[39m[0m
[  53% ] [90m[1msavepack[22m | 파일 저장 중: res://.godot/imported/ammo_empty.png-342d31470f12418fda26eabf20be3de4.ctex[39m[0m
[  53% ] [90m[1msavepack[22m | 파일 저장 중: res://assets/ui/hud/ammo_empty.png.import[39m[0m
[  53% ] [90m[1msavepack[22m | 파일 저장 중: res://.godot/imported/ammo_layer_1.png-54771ddac029b4f890c79b7fcecbfdb3.ctex[39m[0m
[  53% ] [90m[1msavepack[22m | 파일 저장 중: res://assets/ui/hud/ammo_layer_1.png.import[39m[0m
[  53% ] [90m[1msavepack[22m | 파일 저장 중: res://.godot/imported/ammo_layer_2.png-e0cbecc7af86a2ea5bb9efa0a36d1b34.ctex[39m[0m
[  53% ] [90m[1msavepack[22m | 파일 저장 중: res://assets/ui/hud/ammo_layer_2.png.import[39m[0m
[  53% ] [90m[1msavepack[22m | 파일 저장 중: res://.godot/imported/ammo_layer_3.png-2ced229d318b3e4f6491b7458bf07c13.ctex[39m[0m
[  53% ] [90m[1msavepack[22m | 파일 저장 중: res://assets/ui/hud/ammo_layer_3.png.import[39m[0m
[  54% ] [90m[1msavepack[22m | 파일 저장 중: res://.godot/imported/fuel_empty_hud.png-3a7f791e326e0cf09b2c577811563d70.ctex[39m[0m
[  54% ] [90m[1msavepack[22m | 파일 저장 중: res://assets/ui/hud/fuel_empty_hud.png.import[39m[0m
[  54% ] [90m[1msavepack[22m | 파일 저장 중: res://.godot/imported/fuel_empty_hud.svg-ff43fe8b6677381c707e30d7276392ca.ctex[39m[0m
[  54% ] [90m[1msavepack[22m | 파일 저장 중: res://assets/ui/hud/fuel_empty_hud.svg.import[39m[0m
[  54% ] [90m[1msavepack[22m | 파일 저장 중: res://.godot/imported/fuel_full_hud.png-5332d937762d3bc1131b0b0e1b3125b9.ctex[39m[0m
[  54% ] [90m[1msavepack[22m | 파일 저장 중: res://assets/ui/hud/fuel_full_hud.png.import[39m[0m
[  54% ] [90m[1msavepack[22m | 파일 저장 중: res://.godot/imported/fuel_full_hud.svg-f858a8823a37b5223aa8a7206322e9ed.ctex[39m[0m
[  54% ] [90m[1msavepack[22m | 파일 저장 중: res://assets/ui/hud/fuel_full_hud.svg.import[39m[0m
[  55% ] [90m[1msavepack[22m | 파일 저장 중: res://.godot/imported/fuel_gauge_hud.png-c9d61149429e2f9fd6b143bdbe7dbfc9.ctex[39m[0m
[  55% ] [90m[1msavepack[22m | 파일 저장 중: res://assets/ui/hud/fuel_gauge_hud.png.import[39m[0m
[  55% ] [90m[1msavepack[22m | 파일 저장 중: res://.godot/imported/gold_hud.png-b0756b614621fb8d65ba8307fbbc4130.ctex[39m[0m
[  55% ] [90m[1msavepack[22m | 파일 저장 중: res://assets/ui/hud/gold_hud.png.import[39m[0m
[  55% ] [90m[1msavepack[22m | 파일 저장 중: res://.godot/imported/gold_hud.svg-09b9dba2afcc87b9c891ca69b85215c8.ctex[39m[0m
[  55% ] [90m[1msavepack[22m | 파일 저장 중: res://assets/ui/hud/gold_hud.svg.import[39m[0m
[  55% ] [90m[1msavepack[22m | 파일 저장 중: res://.godot/imported/infinity_hud.png-d187b49e389394b097f36a6409605534.ctex[39m[0m
[  55% ] [90m[1msavepack[22m | 파일 저장 중: res://assets/ui/hud/infinity_hud.png.import[39m[0m
[  55% ] [90m[1msavepack[22m | 파일 저장 중: res://.godot/imported/scrap_hud.png-1c9d98fa0e23132ea34af994c2e1cfe6.ctex[39m[0m
[  55% ] [90m[1msavepack[22m | 파일 저장 중: res://assets/ui/hud/scrap_hud.png.import[39m[0m
[  56% ] [90m[1msavepack[22m | 파일 저장 중: res://.godot/imported/scrap_hud.svg-b34b9866512db194949e805922499b24.ctex[39m[0m
[  56% ] [90m[1msavepack[22m | 파일 저장 중: res://assets/ui/hud/scrap_hud.svg.import[39m[0m
[  56% ] [90m[1msavepack[22m | 파일 저장 중: res://.godot/imported/ranking.png-48030bc255bf8ce8f8b643baa520c9b3.ctex[39m[0m
[  56% ] [90m[1msavepack[22m | 파일 저장 중: res://assets/ui/lobby/ranking.png.import[39m[0m
[  56% ] [90m[1msavepack[22m | 파일 저장 중: res://.godot/imported/shop_truck_banner.png-62330e453792954c0758caf6ba4d3449.ctex[39m[0m
[  56% ] [90m[1msavepack[22m | 파일 저장 중: res://assets/ui/lobby/shop_truck_banner.png.import[39m[0m
[  56% ] [90m[1msavepack[22m | 파일 저장 중: res://.godot/imported/stage_map_road.png-2143d80c37fa677f478dfb30deb77d5e.ctex[39m[0m
[  56% ] [90m[1msavepack[22m | 파일 저장 중: res://assets/ui/lobby/stage_map_road.png.import[39m[0m
[  56% ] [90m[1msavepack[22m | 파일 저장 중: res://.godot/imported/metal_frame_9slice.png-527184e9080a26d41c79ef097177865a.ctex[39m[0m
[  56% ] [90m[1msavepack[22m | 파일 저장 중: res://assets/ui/panels/metal_frame_9slice.png.import[39m[0m
[  57% ] [90m[1msavepack[22m | 파일 저장 중: res://.godot/imported/metal_outline_9slice.png-42c5f3fadfec1d5d9d4701bb5317b6c8.ctex[39m[0m
[  57% ] [90m[1msavepack[22m | 파일 저장 중: res://assets/ui/panels/metal_outline_9slice.png.import[39m[0m
[  57% ] [90m[1msavepack[22m | 파일 저장 중: res://.godot/imported/magnum.png-6a90d5559a1900a4653d802b3fe863a7.ctex[39m[0m
[  57% ] [90m[1msavepack[22m | 파일 저장 중: res://assets/ui/shop/magnum.png.import[39m[0m
[  57% ] [90m[1msavepack[22m | 파일 저장 중: res://.godot/imported/revolver.png-36bcfb7edf514eb8bb565dcc9b46e942.ctex[39m[0m
[  57% ] [90m[1msavepack[22m | 파일 저장 중: res://assets/ui/shop/revolver.png.import[39m[0m
[  57% ] [90m[1msavepack[22m | 파일 저장 중: res://.godot/imported/title.png-e24253bfa29535990a2d0def9ee983b9.ctex[39m[0m
[  57% ] [90m[1msavepack[22m | 파일 저장 중: res://assets/ui/title/title.png.import[39m[0m
[  58% ] [90m[1msavepack[22m | 파일 저장 중: res://.godot/imported/audio_player.png-1dc9526144c607ff3861af1e25522835.ctex[39m[0m
[  58% ] [90m[1msavepack[22m | 파일 저장 중: res://assets/ui/audio_player.png.import[39m[0m
[  58% ] [90m[1msavepack[22m | 파일 저장 중: res://.godot/imported/audio_player_off.png-8cd74e28d55d3084fa8467f9a48bd595.ctex[39m[0m
[  58% ] [90m[1msavepack[22m | 파일 저장 중: res://assets/ui/audio_player_off.png.import[39m[0m
[  58% ] [90m[1msavepack[22m | 파일 저장 중: res://.godot/imported/box2.png-a4ceebbdbc01824b57bb87c0ed967916.ctex[39m[0m
[  58% ] [90m[1msavepack[22m | 파일 저장 중: res://assets/ui/box2.png.import[39m[0m
[  58% ] [90m[1msavepack[22m | 파일 저장 중: res://.godot/imported/stick1.png-c68b213897175ef1d6bee661751418db.ctex[39m[0m
[  58% ] [90m[1msavepack[22m | 파일 저장 중: res://assets/ui/stick1.png.import[39m[0m
[  58% ] [90m[1msavepack[22m | 파일 저장 중: res://.godot/imported/stick2.png-fffd1c7f244af68ae37d56f9984c498c.ctex[39m[0m
[  58% ] [90m[1msavepack[22m | 파일 저장 중: res://assets/ui/stick2.png.import[39m[0m
[  59% ] [90m[1msavepack[22m | 파일 저장 중: res://.godot/imported/stick_base_trimmed.png-af7705d0728af66f6948a49cc8433b55.ctex[39m[0m
[  59% ] [90m[1msavepack[22m | 파일 저장 중: res://assets/ui/stick_base_trimmed.png.import[39m[0m
[  59% ] [90m[1msavepack[22m | 파일 저장 중: res://.godot/imported/stick_knob_trimmed.png-f59ffca840cce5f1f48cab7d7727ebce.ctex[39m[0m
[  59% ] [90m[1msavepack[22m | 파일 저장 중: res://assets/ui/stick_knob_trimmed.png.import[39m[0m
[  59% ] [90m[1msavepack[22m | 파일 저장 중: res://.godot/imported/hit_0001.png-037169a2584a3038640478260fbbeb98.ctex[39m[0m
[  59% ] [90m[1msavepack[22m | 파일 저장 중: res://assets/zombies/hit/hit_0001.png.import[39m[0m
[  59% ] [90m[1msavepack[22m | 파일 저장 중: res://.godot/imported/hit_0002.png-7de74fd97417fa2b75b65c7a81784883.ctex[39m[0m
[  59% ] [90m[1msavepack[22m | 파일 저장 중: res://assets/zombies/hit/hit_0002.png.import[39m[0m
[  60% ] [90m[1msavepack[22m | 파일 저장 중: res://.godot/imported/hit_0003.png-6a0a72476ddde8694120611690b42d61.ctex[39m[0m
[  60% ] [90m[1msavepack[22m | 파일 저장 중: res://assets/zombies/hit/hit_0003.png.import[39m[0m
[  60% ] [90m[1msavepack[22m | 파일 저장 중: res://.godot/imported/hit_0004.png-646df0e5fff5128a7147c5f9b95020a1.ctex[39m[0m
[  60% ] [90m[1msavepack[22m | 파일 저장 중: res://assets/zombies/hit/hit_0004.png.import[39m[0m
[  60% ] [90m[1msavepack[22m | 파일 저장 중: res://.godot/imported/hit_0005.png-e382ed878ab5cc55c44517b47db7afca.ctex[39m[0m
[  60% ] [90m[1msavepack[22m | 파일 저장 중: res://assets/zombies/hit/hit_0005.png.import[39m[0m
[  60% ] [90m[1msavepack[22m | 파일 저장 중: res://.godot/imported/zombie_1_pop_00.png-81cd38583cf0c5881ac9d1c6aa09a062.ctex[39m[0m
[  60% ] [90m[1msavepack[22m | 파일 저장 중: res://assets/zombies/type_1/pop/zombie_1_pop_00.png.import[39m[0m
[  60% ] [90m[1msavepack[22m | 파일 저장 중: res://.godot/imported/zombie_1_pop_01.png-427dee70bf18c59a5730e95396313517.ctex[39m[0m
[  60% ] [90m[1msavepack[22m | 파일 저장 중: res://assets/zombies/type_1/pop/zombie_1_pop_01.png.import[39m[0m
[  61% ] [90m[1msavepack[22m | 파일 저장 중: res://.godot/imported/zombie_1_pop_02.png-91ccfbd15513dead9f7d7c516ca7f3a9.ctex[39m[0m
[  61% ] [90m[1msavepack[22m | 파일 저장 중: res://assets/zombies/type_1/pop/zombie_1_pop_02.png.import[39m[0m
[  61% ] [90m[1msavepack[22m | 파일 저장 중: res://.godot/imported/zombie_1_pop_03.png-7a9b491b7b3da749c0d3de557525b87a.ctex[39m[0m
[  61% ] [90m[1msavepack[22m | 파일 저장 중: res://assets/zombies/type_1/pop/zombie_1_pop_03.png.import[39m[0m
[  61% ] [90m[1msavepack[22m | 파일 저장 중: res://.godot/imported/zombie_1_pop_04.png-9a7a7da35ee05ba45760e2e204b592b2.ctex[39m[0m
[  61% ] [90m[1msavepack[22m | 파일 저장 중: res://assets/zombies/type_1/pop/zombie_1_pop_04.png.import[39m[0m
[  61% ] [90m[1msavepack[22m | 파일 저장 중: res://.godot/imported/zombie_1_pop_00.png-13ad244564744c5e287f4b69715765cf.ctex[39m[0m
[  61% ] [90m[1msavepack[22m | 파일 저장 중: res://assets/zombies/type_1/pop_01/zombie_1_pop_00.png.import[39m[0m
[  61% ] [90m[1msavepack[22m | 파일 저장 중: res://.godot/imported/zombie_1_pop_01.png-805c51f6c2cdf8ee653a5cdc499a4d57.ctex[39m[0m
[  61% ] [90m[1msavepack[22m | 파일 저장 중: res://assets/zombies/type_1/pop_01/zombie_1_pop_01.png.import[39m[0m
[  62% ] [90m[1msavepack[22m | 파일 저장 중: res://.godot/imported/zombie_1_pop_02.png-2baf64b7bd94b34ee59fca9fe659499f.ctex[39m[0m
[  62% ] [90m[1msavepack[22m | 파일 저장 중: res://assets/zombies/type_1/pop_01/zombie_1_pop_02.png.import[39m[0m
[  62% ] [90m[1msavepack[22m | 파일 저장 중: res://.godot/imported/zombie_1_pop_03.png-df0849a9a9f6614cca5a7cfc481a9b04.ctex[39m[0m
[  62% ] [90m[1msavepack[22m | 파일 저장 중: res://assets/zombies/type_1/pop_01/zombie_1_pop_03.png.import[39m[0m
[  62% ] [90m[1msavepack[22m | 파일 저장 중: res://.godot/imported/zombie_1_pop_04.png-82dcac06088ae18c6e21296aeeb85eaa.ctex[39m[0m
[  62% ] [90m[1msavepack[22m | 파일 저장 중: res://assets/zombies/type_1/pop_01/zombie_1_pop_04.png.import[39m[0m
[  62% ] [90m[1msavepack[22m | 파일 저장 중: res://.godot/imported/zombie_1_pop_05.png-0f0b93dc3f9f69bfd01950b2f31e971d.ctex[39m[0m
[  62% ] [90m[1msavepack[22m | 파일 저장 중: res://assets/zombies/type_1/pop_01/zombie_1_pop_05.png.import[39m[0m
[  63% ] [90m[1msavepack[22m | 파일 저장 중: res://.godot/imported/zombie_1_pop_06.png-51625e4406cea296a8ce8f464c27e944.ctex[39m[0m
[  63% ] [90m[1msavepack[22m | 파일 저장 중: res://assets/zombies/type_1/pop_01/zombie_1_pop_06.png.import[39m[0m
[  63% ] [90m[1msavepack[22m | 파일 저장 중: res://.godot/imported/zombie_1_pop_07.png-be783c89242af5a5f3696e8f58b35656.ctex[39m[0m
[  63% ] [90m[1msavepack[22m | 파일 저장 중: res://assets/zombies/type_1/pop_01/zombie_1_pop_07.png.import[39m[0m
[  63% ] [90m[1msavepack[22m | 파일 저장 중: res://.godot/imported/zombie_1_pop_00.png-7a10d359a6526fd009bd5769c75a1814.ctex[39m[0m
[  63% ] [90m[1msavepack[22m | 파일 저장 중: res://assets/zombies/type_1/pop_01_v2/zombie_1_pop_00.png.import[39m[0m
[  63% ] [90m[1msavepack[22m | 파일 저장 중: res://.godot/imported/zombie_1_pop_01.png-a7fc56fb76d4c0c09c25457de9bdcc18.ctex[39m[0m
[  63% ] [90m[1msavepack[22m | 파일 저장 중: res://assets/zombies/type_1/pop_01_v2/zombie_1_pop_01.png.import[39m[0m
[  63% ] [90m[1msavepack[22m | 파일 저장 중: res://.godot/imported/zombie_1_pop_02.png-f8c968eae99588cd8be7aed96d6942b0.ctex[39m[0m
[  63% ] [90m[1msavepack[22m | 파일 저장 중: res://assets/zombies/type_1/pop_01_v2/zombie_1_pop_02.png.import[39m[0m
[  64% ] [90m[1msavepack[22m | 파일 저장 중: res://.godot/imported/zombie_1_pop_03.png-143bceed852fd71daa64152bd5ed2be1.ctex[39m[0m
[  64% ] [90m[1msavepack[22m | 파일 저장 중: res://assets/zombies/type_1/pop_01_v2/zombie_1_pop_03.png.import[39m[0m
[  64% ] [90m[1msavepack[22m | 파일 저장 중: res://.godot/imported/zombie_1_pop_04.png-e32e21d33d2d7188558bea62438ae367.ctex[39m[0m
[  64% ] [90m[1msavepack[22m | 파일 저장 중: res://assets/zombies/type_1/pop_01_v2/zombie_1_pop_04.png.import[39m[0m
[  64% ] [90m[1msavepack[22m | 파일 저장 중: res://.godot/imported/zombie_1_pop_05.png-8d3d286da41d630c6d9ecaf282a0fadd.ctex[39m[0m
[  64% ] [90m[1msavepack[22m | 파일 저장 중: res://assets/zombies/type_1/pop_01_v2/zombie_1_pop_05.png.import[39m[0m
[  64% ] [90m[1msavepack[22m | 파일 저장 중: res://.godot/imported/zombie_1_pop_06.png-0e15d7dfb0b01eaf967dc8f6c02332d1.ctex[39m[0m
[  64% ] [90m[1msavepack[22m | 파일 저장 중: res://assets/zombies/type_1/pop_01_v2/zombie_1_pop_06.png.import[39m[0m
[  64% ] [90m[1msavepack[22m | 파일 저장 중: res://.godot/imported/zombie_1_pop_00.png-97a768a62c35f3abab61ff91ccd5e8ff.ctex[39m[0m
[  64% ] [90m[1msavepack[22m | 파일 저장 중: res://assets/zombies/type_1/pop_02/zombie_1_pop_00.png.import[39m[0m
[  65% ] [90m[1msavepack[22m | 파일 저장 중: res://.godot/imported/zombie_1_pop_01.png-9beca2c361039521707db5142ae0ab8e.ctex[39m[0m
[  65% ] [90m[1msavepack[22m | 파일 저장 중: res://assets/zombies/type_1/pop_02/zombie_1_pop_01.png.import[39m[0m
[  65% ] [90m[1msavepack[22m | 파일 저장 중: res://.godot/imported/zombie_1_pop_02.png-d1291d6a483d71215af7e69d5feb37c2.ctex[39m[0m
[  65% ] [90m[1msavepack[22m | 파일 저장 중: res://assets/zombies/type_1/pop_02/zombie_1_pop_02.png.import[39m[0m
[  65% ] [90m[1msavepack[22m | 파일 저장 중: res://.godot/imported/zombie_1_pop_03.png-57dc0c77163536117cd492063dbebeb3.ctex[39m[0m
[  65% ] [90m[1msavepack[22m | 파일 저장 중: res://assets/zombies/type_1/pop_02/zombie_1_pop_03.png.import[39m[0m
[  65% ] [90m[1msavepack[22m | 파일 저장 중: res://.godot/imported/zombie_1_pop_04.png-89db10af39a225de24273889c173de17.ctex[39m[0m
[  65% ] [90m[1msavepack[22m | 파일 저장 중: res://assets/zombies/type_1/pop_02/zombie_1_pop_04.png.import[39m[0m
[  66% ] [90m[1msavepack[22m | 파일 저장 중: res://.godot/imported/zombie_1_pop_05.png-309312a2da4b19382907e1bd9d399716.ctex[39m[0m
[  66% ] [90m[1msavepack[22m | 파일 저장 중: res://assets/zombies/type_1/pop_02/zombie_1_pop_05.png.import[39m[0m
[  66% ] [90m[1msavepack[22m | 파일 저장 중: res://.godot/imported/zombie_1_pop_06.png-350744e812bdf74c640fd9a80c6c9709.ctex[39m[0m
[  66% ] [90m[1msavepack[22m | 파일 저장 중: res://assets/zombies/type_1/pop_02/zombie_1_pop_06.png.import[39m[0m
[  66% ] [90m[1msavepack[22m | 파일 저장 중: res://.godot/imported/zombie_1_pop_07.png-488d3eeb64c506e81a8733057155adef.ctex[39m[0m
[  66% ] [90m[1msavepack[22m | 파일 저장 중: res://assets/zombies/type_1/pop_02/zombie_1_pop_07.png.import[39m[0m
[  66% ] [90m[1msavepack[22m | 파일 저장 중: res://.godot/imported/hit_20001.png-034b78be2d4c9abc36d726c396564e16.ctex[39m[0m
[  66% ] [90m[1msavepack[22m | 파일 저장 중: res://assets/zombies/type_2/hit/hit_20001.png.import[39m[0m
[  66% ] [90m[1msavepack[22m | 파일 저장 중: res://.godot/imported/hit_20002.png-e3433e36acb43fc0b9e39757aad1433f.ctex[39m[0m
[  66% ] [90m[1msavepack[22m | 파일 저장 중: res://assets/zombies/type_2/hit/hit_20002.png.import[39m[0m
[  66% ] [90m[1msavepack[22m | 파일 저장 중: res://.godot/imported/hit_20003.png-ffc3b591b860a23525ec410f3f6dc9b5.ctex[39m[0m
[  66% ] [90m[1msavepack[22m | 파일 저장 중: res://assets/zombies/type_2/hit/hit_20003.png.import[39m[0m
[  66% ] [90m[1msavepack[22m | 파일 저장 중: res://.godot/imported/hit_20004.png-ff5337972233679b645c9182bdab2a2f.ctex[39m[0m
[  66% ] [90m[1msavepack[22m | 파일 저장 중: res://assets/zombies/type_2/hit/hit_20004.png.import[39m[0m
[  66% ] [90m[1msavepack[22m | 파일 저장 중: res://.godot/imported/hit_20005.png-2e2fb4b45c1743cf7f1ad2163dd0ef7d.ctex[39m[0m
[  66% ] [90m[1msavepack[22m | 파일 저장 중: res://assets/zombies/type_2/hit/hit_20005.png.import[39m[0m
[  66% ] [90m[1msavepack[22m | 파일 저장 중: res://.godot/imported/zombie_2_pop_00.png-dd510fdfc0414ad6e8376cf9410af4c5.ctex[39m[0m
[  66% ] [90m[1msavepack[22m | 파일 저장 중: res://assets/zombies/type_2/pop_01/zombie_2_pop_00.png.import[39m[0m
[  66% ] [90m[1msavepack[22m | 파일 저장 중: res://.godot/imported/zombie_2_pop_01.png-f031b79b48a3c1a1fdce01e3c7770b95.ctex[39m[0m
[  66% ] [90m[1msavepack[22m | 파일 저장 중: res://assets/zombies/type_2/pop_01/zombie_2_pop_01.png.import[39m[0m
[  67% ] [90m[1msavepack[22m | 파일 저장 중: res://.godot/imported/zombie_2_pop_02.png-174f70c5cc531e04d56debae00b8d04e.ctex[39m[0m
[  67% ] [90m[1msavepack[22m | 파일 저장 중: res://assets/zombies/type_2/pop_01/zombie_2_pop_02.png.import[39m[0m
[  67% ] [90m[1msavepack[22m | 파일 저장 중: res://.godot/imported/zombie_2_pop_03.png-7d3dfbf937381dd1c6f66b1037430e36.ctex[39m[0m
[  67% ] [90m[1msavepack[22m | 파일 저장 중: res://assets/zombies/type_2/pop_01/zombie_2_pop_03.png.import[39m[0m
[  67% ] [90m[1msavepack[22m | 파일 저장 중: res://.godot/imported/zombie_2_pop_04.png-0db269dc199ffcc30c2b6fa2fa27bc27.ctex[39m[0m
[  67% ] [90m[1msavepack[22m | 파일 저장 중: res://assets/zombies/type_2/pop_01/zombie_2_pop_04.png.import[39m[0m
[  67% ] [90m[1msavepack[22m | 파일 저장 중: res://.godot/imported/zombie_2_pop_05.png-41126cc9ec7ad54231c2fd3897a726a3.ctex[39m[0m
[  67% ] [90m[1msavepack[22m | 파일 저장 중: res://assets/zombies/type_2/pop_01/zombie_2_pop_05.png.import[39m[0m
[  68% ] [90m[1msavepack[22m | 파일 저장 중: res://.godot/imported/zombie_2_pop_06.png-159b1a959da8d84bb85d09318bd141a8.ctex[39m[0m
[  68% ] [90m[1msavepack[22m | 파일 저장 중: res://assets/zombies/type_2/pop_01/zombie_2_pop_06.png.import[39m[0m
[  68% ] [90m[1msavepack[22m | 파일 저장 중: res://.godot/imported/zombie_2_pop_07.png-07921cfebaee513eb9992b332994d150.ctex[39m[0m
[  68% ] [90m[1msavepack[22m | 파일 저장 중: res://assets/zombies/type_2/pop_01/zombie_2_pop_07.png.import[39m[0m
[  68% ] [90m[1msavepack[22m | 파일 저장 중: res://.godot/imported/walk_2_01.png-2de178977b49d5c6f351d9f88ec3ed78.ctex[39m[0m
[  68% ] [90m[1msavepack[22m | 파일 저장 중: res://assets/zombies/type_2/walk/walk_2_01.png.import[39m[0m
[  68% ] [90m[1msavepack[22m | 파일 저장 중: res://.godot/imported/walk_2_02.png-9e96f0a50821e8c337d3047923946ea2.ctex[39m[0m
[  68% ] [90m[1msavepack[22m | 파일 저장 중: res://assets/zombies/type_2/walk/walk_2_02.png.import[39m[0m
[  68% ] [90m[1msavepack[22m | 파일 저장 중: res://.godot/imported/walk_2_03.png-8dd6a07b5af1b8fa2fa6c96fd9814564.ctex[39m[0m
[  68% ] [90m[1msavepack[22m | 파일 저장 중: res://assets/zombies/type_2/walk/walk_2_03.png.import[39m[0m
[  69% ] [90m[1msavepack[22m | 파일 저장 중: res://.godot/imported/walk_2_04.png-7052a8b37c3e31b2e838ac7729c070f3.ctex[39m[0m
[  69% ] [90m[1msavepack[22m | 파일 저장 중: res://assets/zombies/type_2/walk/walk_2_04.png.import[39m[0m
[  69% ] [90m[1msavepack[22m | 파일 저장 중: res://.godot/imported/walk_2_05.png-84fcee9c8aabbed21070c6109ddf4992.ctex[39m[0m
[  69% ] [90m[1msavepack[22m | 파일 저장 중: res://assets/zombies/type_2/walk/walk_2_05.png.import[39m[0m
[  69% ] [90m[1msavepack[22m | 파일 저장 중: res://.godot/imported/walk_2_06.png-fdf9348ab1067646160c023d8ba486c8.ctex[39m[0m
[  69% ] [90m[1msavepack[22m | 파일 저장 중: res://assets/zombies/type_2/walk/walk_2_06.png.import[39m[0m
[  69% ] [90m[1msavepack[22m | 파일 저장 중: res://.godot/imported/walk_2_07.png-fb5b52a71db207c8d6c5de61681d9044.ctex[39m[0m
[  69% ] [90m[1msavepack[22m | 파일 저장 중: res://assets/zombies/type_2/walk/walk_2_07.png.import[39m[0m
[  69% ] [90m[1msavepack[22m | 파일 저장 중: res://.godot/imported/walk_2_08.png-f8cd42adde63c215d4bad881faff693c.ctex[39m[0m
[  69% ] [90m[1msavepack[22m | 파일 저장 중: res://assets/zombies/type_2/walk/walk_2_08.png.import[39m[0m
[  70% ] [90m[1msavepack[22m | 파일 저장 중: res://.godot/imported/alpha_debug.png-7b50defce8c93e4599496a2760950e69.ctex[39m[0m
[  70% ] [90m[1msavepack[22m | 파일 저장 중: res://assets/zombies/type_2/alpha_debug.png.import[39m[0m
[  70% ] [90m[1msavepack[22m | 파일 저장 중: res://.godot/imported/zombie_3_hit_01.png-c29dc85e77e93641bbeae29fac7d6bf5.ctex[39m[0m
[  70% ] [90m[1msavepack[22m | 파일 저장 중: res://assets/zombies/type_3/hit/zombie_3_hit_01.png.import[39m[0m
[  70% ] [90m[1msavepack[22m | 파일 저장 중: res://.godot/imported/zombie_3_hit_02.png-a1fd112b571518a7265d914ab34eae8c.ctex[39m[0m
[  70% ] [90m[1msavepack[22m | 파일 저장 중: res://assets/zombies/type_3/hit/zombie_3_hit_02.png.import[39m[0m
[  70% ] [90m[1msavepack[22m | 파일 저장 중: res://.godot/imported/zombie_3_hit_03.png-dac6b2e6928f497f0ed62ac176d1e946.ctex[39m[0m
[  70% ] [90m[1msavepack[22m | 파일 저장 중: res://assets/zombies/type_3/hit/zombie_3_hit_03.png.import[39m[0m
[  71% ] [90m[1msavepack[22m | 파일 저장 중: res://.godot/imported/zombie_3_hit_04.png-2d8944a0276466ee67ea32c99d4b4822.ctex[39m[0m
[  71% ] [90m[1msavepack[22m | 파일 저장 중: res://assets/zombies/type_3/hit/zombie_3_hit_04.png.import[39m[0m
[  71% ] [90m[1msavepack[22m | 파일 저장 중: res://.godot/imported/zombie_3_pop_00.png-1db02ac76da9f6b6d83060c4a995d0c7.ctex[39m[0m
[  71% ] [90m[1msavepack[22m | 파일 저장 중: res://assets/zombies/type_3/pop_02/zombie_3_pop_00.png.import[39m[0m
[  71% ] [90m[1msavepack[22m | 파일 저장 중: res://.godot/imported/zombie_3_pop_01.png-0706976b9d10f1ddd6823a887e881fec.ctex[39m[0m
[  71% ] [90m[1msavepack[22m | 파일 저장 중: res://assets/zombies/type_3/pop_02/zombie_3_pop_01.png.import[39m[0m
[  71% ] [90m[1msavepack[22m | 파일 저장 중: res://.godot/imported/zombie_3_pop_02.png-e5bd4c52bbeed246ac8785c07e8f56e2.ctex[39m[0m
[  71% ] [90m[1msavepack[22m | 파일 저장 중: res://assets/zombies/type_3/pop_02/zombie_3_pop_02.png.import[39m[0m
[  71% ] [90m[1msavepack[22m | 파일 저장 중: res://.godot/imported/zombie_3_pop_03.png-3026779e3dcfd5caa62f966b0400af4a.ctex[39m[0m
[  71% ] [90m[1msavepack[22m | 파일 저장 중: res://assets/zombies/type_3/pop_02/zombie_3_pop_03.png.import[39m[0m
[  72% ] [90m[1msavepack[22m | 파일 저장 중: res://.godot/imported/zombie_3_pop_04.png-884d83b149fd56728f7f947b3e0597d1.ctex[39m[0m
[  72% ] [90m[1msavepack[22m | 파일 저장 중: res://assets/zombies/type_3/pop_02/zombie_3_pop_04.png.import[39m[0m
[  72% ] [90m[1msavepack[22m | 파일 저장 중: res://.godot/imported/zombie_3_pop_05.png-c07a8c12be3b5692bb8d396cd98b0dd3.ctex[39m[0m
[  72% ] [90m[1msavepack[22m | 파일 저장 중: res://assets/zombies/type_3/pop_02/zombie_3_pop_05.png.import[39m[0m
[  72% ] [90m[1msavepack[22m | 파일 저장 중: res://.godot/imported/zombie_3_pop_06.png-0b63012c293c4a2b3485583f1378c2d8.ctex[39m[0m
[  72% ] [90m[1msavepack[22m | 파일 저장 중: res://assets/zombies/type_3/pop_02/zombie_3_pop_06.png.import[39m[0m
[  72% ] [90m[1msavepack[22m | 파일 저장 중: res://.godot/imported/zombie_3_pop_07.png-6ee55d23bc8bab19f646360ef9db3bdd.ctex[39m[0m
[  72% ] [90m[1msavepack[22m | 파일 저장 중: res://assets/zombies/type_3/pop_02/zombie_3_pop_07.png.import[39m[0m
[  72% ] [90m[1msavepack[22m | 파일 저장 중: res://.godot/imported/zombie_3_run_01.png-14e21124c46172f67b4ab9a477901835.ctex[39m[0m
[  72% ] [90m[1msavepack[22m | 파일 저장 중: res://assets/zombies/type_3/run/zombie_3_run_01.png.import[39m[0m
[  73% ] [90m[1msavepack[22m | 파일 저장 중: res://.godot/imported/zombie_3_run_02.png-c25df4124be0eb75f47e36b3f5d1d3f6.ctex[39m[0m
[  73% ] [90m[1msavepack[22m | 파일 저장 중: res://assets/zombies/type_3/run/zombie_3_run_02.png.import[39m[0m
[  73% ] [90m[1msavepack[22m | 파일 저장 중: res://.godot/imported/zombie_3_run_03.png-918673c4745a32335200caad817b5324.ctex[39m[0m
[  73% ] [90m[1msavepack[22m | 파일 저장 중: res://assets/zombies/type_3/run/zombie_3_run_03.png.import[39m[0m
[  73% ] [90m[1msavepack[22m | 파일 저장 중: res://.godot/imported/zombie_3_run_04.png-7142077be9319b12789f251244225531.ctex[39m[0m
[  73% ] [90m[1msavepack[22m | 파일 저장 중: res://assets/zombies/type_3/run/zombie_3_run_04.png.import[39m[0m
[  73% ] [90m[1msavepack[22m | 파일 저장 중: res://.godot/imported/zombie_3_run_05.png-0d3d8eb9345eb99ef65ef75d8eb2f859.ctex[39m[0m
[  73% ] [90m[1msavepack[22m | 파일 저장 중: res://assets/zombies/type_3/run/zombie_3_run_05.png.import[39m[0m
[  74% ] [90m[1msavepack[22m | 파일 저장 중: res://.godot/imported/zombie_3_run_06.png-92a0d87d35d1c7c40efa9039fe3b097a.ctex[39m[0m
[  74% ] [90m[1msavepack[22m | 파일 저장 중: res://assets/zombies/type_3/run/zombie_3_run_06.png.import[39m[0m
[  74% ] [90m[1msavepack[22m | 파일 저장 중: res://.godot/imported/zombie_3_run_07.png-94f1c05fa4ee888cfc17a599afc65479.ctex[39m[0m
[  74% ] [90m[1msavepack[22m | 파일 저장 중: res://assets/zombies/type_3/run/zombie_3_run_07.png.import[39m[0m
[  74% ] [90m[1msavepack[22m | 파일 저장 중: res://.godot/imported/zombie_3_run_08.png-c347e356ed23368e5f8d052e0c9d23a1.ctex[39m[0m
[  74% ] [90m[1msavepack[22m | 파일 저장 중: res://assets/zombies/type_3/run/zombie_3_run_08.png.import[39m[0m
[  74% ] [90m[1msavepack[22m | 파일 저장 중: res://.godot/imported/hit_4_01.png-49ab4a482fc313426e1ea0543eb3af44.ctex[39m[0m
[  74% ] [90m[1msavepack[22m | 파일 저장 중: res://assets/zombies/type_4/hit/hit_4_01.png.import[39m[0m
[  74% ] [90m[1msavepack[22m | 파일 저장 중: res://.godot/imported/hit_4_02.png-29e4d2510f3cc625bf3b3c9af158c6c0.ctex[39m[0m
[  74% ] [90m[1msavepack[22m | 파일 저장 중: res://assets/zombies/type_4/hit/hit_4_02.png.import[39m[0m
[  75% ] [90m[1msavepack[22m | 파일 저장 중: res://.godot/imported/hit_4_03.png-c5d2228c00465c77aff5c3349f0a5ffe.ctex[39m[0m
[  75% ] [90m[1msavepack[22m | 파일 저장 중: res://assets/zombies/type_4/hit/hit_4_03.png.import[39m[0m
[  75% ] [90m[1msavepack[22m | 파일 저장 중: res://.godot/imported/hit_4_04.png-f13e8bbd405b385c9ba2d3673308be27.ctex[39m[0m
[  75% ] [90m[1msavepack[22m | 파일 저장 중: res://assets/zombies/type_4/hit/hit_4_04.png.import[39m[0m
[  75% ] [90m[1msavepack[22m | 파일 저장 중: res://.godot/imported/hit_4_05.png-f8cf55ef75afff903bc99671bf7c444e.ctex[39m[0m
[  75% ] [90m[1msavepack[22m | 파일 저장 중: res://assets/zombies/type_4/hit/hit_4_05.png.import[39m[0m
[  75% ] [90m[1msavepack[22m | 파일 저장 중: res://.godot/imported/hit_4_06.png-135af80566967eaa54bf809b63d1bd6d.ctex[39m[0m
[  75% ] [90m[1msavepack[22m | 파일 저장 중: res://assets/zombies/type_4/hit/hit_4_06.png.import[39m[0m
[  75% ] [90m[1msavepack[22m | 파일 저장 중: res://.godot/imported/hit_4_07.png-6e683e2b3c2c0252d1f2e046ccbda306.ctex[39m[0m
[  75% ] [90m[1msavepack[22m | 파일 저장 중: res://assets/zombies/type_4/hit/hit_4_07.png.import[39m[0m
[  76% ] [90m[1msavepack[22m | 파일 저장 중: res://.godot/imported/zombie_4_pop_00.png-763fcae952e0aaca03e5091a7f120cbe.ctex[39m[0m
[  76% ] [90m[1msavepack[22m | 파일 저장 중: res://assets/zombies/type_4/pop_01/zombie_4_pop_00.png.import[39m[0m
[  76% ] [90m[1msavepack[22m | 파일 저장 중: res://.godot/imported/zombie_4_pop_01.png-b289524859551a30797f92b7f57fa7b2.ctex[39m[0m
[  76% ] [90m[1msavepack[22m | 파일 저장 중: res://assets/zombies/type_4/pop_01/zombie_4_pop_01.png.import[39m[0m
[  76% ] [90m[1msavepack[22m | 파일 저장 중: res://.godot/imported/zombie_4_pop_02.png-21d032d0a3df28f69ee81ed2992d5b4c.ctex[39m[0m
[  76% ] [90m[1msavepack[22m | 파일 저장 중: res://assets/zombies/type_4/pop_01/zombie_4_pop_02.png.import[39m[0m
[  76% ] [90m[1msavepack[22m | 파일 저장 중: res://.godot/imported/zombie_4_pop_03.png-acfd14b8e14c379881c9bc6c72a8a453.ctex[39m[0m
[  76% ] [90m[1msavepack[22m | 파일 저장 중: res://assets/zombies/type_4/pop_01/zombie_4_pop_03.png.import[39m[0m
[  77% ] [90m[1msavepack[22m | 파일 저장 중: res://.godot/imported/zombie_4_pop_04.png-70dad1ccfa3d94593b5549eb683bdf68.ctex[39m[0m
[  77% ] [90m[1msavepack[22m | 파일 저장 중: res://assets/zombies/type_4/pop_01/zombie_4_pop_04.png.import[39m[0m
[  77% ] [90m[1msavepack[22m | 파일 저장 중: res://.godot/imported/zombie_4_pop_05.png-37fa6a18864697c4965c8f7e63daf645.ctex[39m[0m
[  77% ] [90m[1msavepack[22m | 파일 저장 중: res://assets/zombies/type_4/pop_01/zombie_4_pop_05.png.import[39m[0m
[  77% ] [90m[1msavepack[22m | 파일 저장 중: res://.godot/imported/zombie_4_pop_06.png-e4e751b75aa1d16dac5a2d3e84d93da5.ctex[39m[0m
[  77% ] [90m[1msavepack[22m | 파일 저장 중: res://assets/zombies/type_4/pop_01/zombie_4_pop_06.png.import[39m[0m
[  77% ] [90m[1msavepack[22m | 파일 저장 중: res://.godot/imported/zombie_4_pop_07.png-1c86a3f0014fd3ecbffccc3ce335938f.ctex[39m[0m
[  77% ] [90m[1msavepack[22m | 파일 저장 중: res://assets/zombies/type_4/pop_01/zombie_4_pop_07.png.import[39m[0m
[  77% ] [90m[1msavepack[22m | 파일 저장 중: res://.godot/imported/walk_4_01.png-c668cf47b552394c00f8af1a06c301c1.ctex[39m[0m
[  77% ] [90m[1msavepack[22m | 파일 저장 중: res://assets/zombies/type_4/walk/walk_4_01.png.import[39m[0m
[  78% ] [90m[1msavepack[22m | 파일 저장 중: res://.godot/imported/walk_4_02.png-f5b255669b2fb939ee5a2bc3a354b32f.ctex[39m[0m
[  78% ] [90m[1msavepack[22m | 파일 저장 중: res://assets/zombies/type_4/walk/walk_4_02.png.import[39m[0m
[  78% ] [90m[1msavepack[22m | 파일 저장 중: res://.godot/imported/walk_4_03.png-576385c49f9cf85bfb27b2cc60e0b158.ctex[39m[0m
[  78% ] [90m[1msavepack[22m | 파일 저장 중: res://assets/zombies/type_4/walk/walk_4_03.png.import[39m[0m
[  78% ] [90m[1msavepack[22m | 파일 저장 중: res://.godot/imported/walk_4_04.png-cd5867ff9f62ffe558c89e4681959a51.ctex[39m[0m
[  78% ] [90m[1msavepack[22m | 파일 저장 중: res://assets/zombies/type_4/walk/walk_4_04.png.import[39m[0m
[  78% ] [90m[1msavepack[22m | 파일 저장 중: res://.godot/imported/walk_4_05.png-e6ebce05f95b5cd40fb6705058107a36.ctex[39m[0m
[  78% ] [90m[1msavepack[22m | 파일 저장 중: res://assets/zombies/type_4/walk/walk_4_05.png.import[39m[0m
[  79% ] [90m[1msavepack[22m | 파일 저장 중: res://.godot/imported/walk_4_06.png-9445988cd872aa9a6bb9d9910778bb84.ctex[39m[0m
[  79% ] [90m[1msavepack[22m | 파일 저장 중: res://assets/zombies/type_4/walk/walk_4_06.png.import[39m[0m
[  79% ] [90m[1msavepack[22m | 파일 저장 중: res://.godot/imported/walk_4_07.png-e04522ab3e386edf2c753d2d2177d6b7.ctex[39m[0m
[  79% ] [90m[1msavepack[22m | 파일 저장 중: res://assets/zombies/type_4/walk/walk_4_07.png.import[39m[0m
[  79% ] [90m[1msavepack[22m | 파일 저장 중: res://.godot/imported/walk_4_08.png-87845c7bc204cf85ddbfe25ab5a7c0f2.ctex[39m[0m
[  79% ] [90m[1msavepack[22m | 파일 저장 중: res://assets/zombies/type_4/walk/walk_4_08.png.import[39m[0m
[  79% ] [90m[1msavepack[22m | 파일 저장 중: res://.godot/imported/attack_5_01.png-479621b1ff70ec4e8df56aff9ed46009.ctex[39m[0m
[  79% ] [90m[1msavepack[22m | 파일 저장 중: res://assets/zombies/type_5/attack/attack_5_01.png.import[39m[0m
[  79% ] [90m[1msavepack[22m | 파일 저장 중: res://.godot/imported/attack_5_02.png-4208e9d911d93276923860379a07fe58.ctex[39m[0m
[  79% ] [90m[1msavepack[22m | 파일 저장 중: res://assets/zombies/type_5/attack/attack_5_02.png.import[39m[0m
[  80% ] [90m[1msavepack[22m | 파일 저장 중: res://.godot/imported/attack_5_03.png-56a075bf253fc29bd9f39184a39746c6.ctex[39m[0m
[  80% ] [90m[1msavepack[22m | 파일 저장 중: res://assets/zombies/type_5/attack/attack_5_03.png.import[39m[0m
[  80% ] [90m[1msavepack[22m | 파일 저장 중: res://.godot/imported/attack_5_04.png-68bc26f2c6b61ca6057a3dd3471e4cbe.ctex[39m[0m
[  80% ] [90m[1msavepack[22m | 파일 저장 중: res://assets/zombies/type_5/attack/attack_5_04.png.import[39m[0m
[  80% ] [90m[1msavepack[22m | 파일 저장 중: res://.godot/imported/attack_5_05.png-357c12d8bb9f84c7053ce13b06c53e0e.ctex[39m[0m
[  80% ] [90m[1msavepack[22m | 파일 저장 중: res://assets/zombies/type_5/attack/attack_5_05.png.import[39m[0m
[  80% ] [90m[1msavepack[22m | 파일 저장 중: res://.godot/imported/attack_5_06.png-09def2d9f9181258fb88000f0d8dcf48.ctex[39m[0m
[  80% ] [90m[1msavepack[22m | 파일 저장 중: res://assets/zombies/type_5/attack/attack_5_06.png.import[39m[0m
[  80% ] [90m[1msavepack[22m | 파일 저장 중: res://.godot/imported/attack_5_07.png-d2d1014eb52282cb5b674997824b469c.ctex[39m[0m
[  80% ] [90m[1msavepack[22m | 파일 저장 중: res://assets/zombies/type_5/attack/attack_5_07.png.import[39m[0m
[  81% ] [90m[1msavepack[22m | 파일 저장 중: res://.godot/imported/attack_5_08.png-8bf5848300f3d05650a285619e4430c7.ctex[39m[0m
[  81% ] [90m[1msavepack[22m | 파일 저장 중: res://assets/zombies/type_5/attack/attack_5_08.png.import[39m[0m
[  81% ] [90m[1msavepack[22m | 파일 저장 중: res://.godot/imported/hit_5_01.png-4f6910d5712f1153f8ae0e789a8d0220.ctex[39m[0m
[  81% ] [90m[1msavepack[22m | 파일 저장 중: res://assets/zombies/type_5/hit/hit_5_01.png.import[39m[0m
[  81% ] [90m[1msavepack[22m | 파일 저장 중: res://.godot/imported/hit_5_02.png-1770f572fe2bbee14514e4c0ccad250c.ctex[39m[0m
[  81% ] [90m[1msavepack[22m | 파일 저장 중: res://assets/zombies/type_5/hit/hit_5_02.png.import[39m[0m
[  81% ] [90m[1msavepack[22m | 파일 저장 중: res://.godot/imported/hit_5_03.png-94f070f690109f55f19f48cf998988ca.ctex[39m[0m
[  81% ] [90m[1msavepack[22m | 파일 저장 중: res://assets/zombies/type_5/hit/hit_5_03.png.import[39m[0m
[  82% ] [90m[1msavepack[22m | 파일 저장 중: res://.godot/imported/hit_5_04.png-913860516dc3b06c460f504ef7891304.ctex[39m[0m
[  82% ] [90m[1msavepack[22m | 파일 저장 중: res://assets/zombies/type_5/hit/hit_5_04.png.import[39m[0m
[  82% ] [90m[1msavepack[22m | 파일 저장 중: res://.godot/imported/hit_5_05.png-918a28be50315df69742584ae6aabac5.ctex[39m[0m
[  82% ] [90m[1msavepack[22m | 파일 저장 중: res://assets/zombies/type_5/hit/hit_5_05.png.import[39m[0m
[  82% ] [90m[1msavepack[22m | 파일 저장 중: res://.godot/imported/pop_5_01.png-5e97530e11c2b821ac57aef4dffdadbd.ctex[39m[0m
[  82% ] [90m[1msavepack[22m | 파일 저장 중: res://assets/zombies/type_5/pop/pop_5_01.png.import[39m[0m
[  82% ] [90m[1msavepack[22m | 파일 저장 중: res://.godot/imported/pop_5_02.png-f772e58ca4e1cd55cb1e2940fca4ce7d.ctex[39m[0m
[  82% ] [90m[1msavepack[22m | 파일 저장 중: res://assets/zombies/type_5/pop/pop_5_02.png.import[39m[0m
[  82% ] [90m[1msavepack[22m | 파일 저장 중: res://.godot/imported/pop_5_03.png-86d22b94b19d2c2b5bb9b11087a29944.ctex[39m[0m
[  82% ] [90m[1msavepack[22m | 파일 저장 중: res://assets/zombies/type_5/pop/pop_5_03.png.import[39m[0m
[  83% ] [90m[1msavepack[22m | 파일 저장 중: res://.godot/imported/walk_5_01.png-df5db83a8007947eecf2efd790bf4241.ctex[39m[0m
[  83% ] [90m[1msavepack[22m | 파일 저장 중: res://assets/zombies/type_5/walk/walk_5_01.png.import[39m[0m
[  83% ] [90m[1msavepack[22m | 파일 저장 중: res://.godot/imported/walk_5_02.png-52f88e97a81b7945b7f8f8b8f6672677.ctex[39m[0m
[  83% ] [90m[1msavepack[22m | 파일 저장 중: res://assets/zombies/type_5/walk/walk_5_02.png.import[39m[0m
[  83% ] [90m[1msavepack[22m | 파일 저장 중: res://.godot/imported/walk_5_03.png-361ca6a8ea3ab8be39c346ebee79470f.ctex[39m[0m
[  83% ] [90m[1msavepack[22m | 파일 저장 중: res://assets/zombies/type_5/walk/walk_5_03.png.import[39m[0m
[  83% ] [90m[1msavepack[22m | 파일 저장 중: res://.godot/imported/walk_5_04.png-0c46db65b22d366b25566625041ca3d2.ctex[39m[0m
[  83% ] [90m[1msavepack[22m | 파일 저장 중: res://assets/zombies/type_5/walk/walk_5_04.png.import[39m[0m
[  83% ] [90m[1msavepack[22m | 파일 저장 중: res://.godot/imported/walk_5_05.png-0753bb2ef2908cb79a1807f0068a2371.ctex[39m[0m
[  83% ] [90m[1msavepack[22m | 파일 저장 중: res://assets/zombies/type_5/walk/walk_5_05.png.import[39m[0m
[  84% ] [90m[1msavepack[22m | 파일 저장 중: res://.godot/imported/walk_5_06.png-4eae9d1f361e019ef70cd72253a7d601.ctex[39m[0m
[  84% ] [90m[1msavepack[22m | 파일 저장 중: res://assets/zombies/type_5/walk/walk_5_06.png.import[39m[0m
[  84% ] [90m[1msavepack[22m | 파일 저장 중: res://.godot/imported/walk_5_07.png-1c6f9fc55f27a84fb5922e10fc426324.ctex[39m[0m
[  84% ] [90m[1msavepack[22m | 파일 저장 중: res://assets/zombies/type_5/walk/walk_5_07.png.import[39m[0m
[  84% ] [90m[1msavepack[22m | 파일 저장 중: res://.godot/imported/walk_5_08.png-c9dc3001e3b69e57fb6428c7fa857fde.ctex[39m[0m
[  84% ] [90m[1msavepack[22m | 파일 저장 중: res://assets/zombies/type_5/walk/walk_5_08.png.import[39m[0m
[  84% ] [90m[1msavepack[22m | 파일 저장 중: res://.godot/imported/bomb.png-08c0d69b72194ad46e6cf125245bccc2.ctex[39m[0m
[  84% ] [90m[1msavepack[22m | 파일 저장 중: res://assets/zombies/type_5/bomb.png.import[39m[0m
[  85% ] [90m[1msavepack[22m | 파일 저장 중: res://.godot/imported/heal0001.png-830337e888323ec5302ba732e1d29b8c.ctex[39m[0m
[  85% ] [90m[1msavepack[22m | 파일 저장 중: res://assets/zombies/type_6/heal/heal0001.png.import[39m[0m
[  85% ] [90m[1msavepack[22m | 파일 저장 중: res://.godot/imported/heal0002.png-443e6b4d5ec27d17e85ac943ae454e6d.ctex[39m[0m
[  85% ] [90m[1msavepack[22m | 파일 저장 중: res://assets/zombies/type_6/heal/heal0002.png.import[39m[0m
[  85% ] [90m[1msavepack[22m | 파일 저장 중: res://.godot/imported/heal0003.png-8ed3650c33eae9d3c72ca67f1cf5f070.ctex[39m[0m
[  85% ] [90m[1msavepack[22m | 파일 저장 중: res://assets/zombies/type_6/heal/heal0003.png.import[39m[0m
[  85% ] [90m[1msavepack[22m | 파일 저장 중: res://.godot/imported/heal0004.png-131e89091c669281d0d7fd9cba9f24cd.ctex[39m[0m
[  85% ] [90m[1msavepack[22m | 파일 저장 중: res://assets/zombies/type_6/heal/heal0004.png.import[39m[0m
[  85% ] [90m[1msavepack[22m | 파일 저장 중: res://.godot/imported/heal0005.png-84c6d2977bd6f07f71dea7485aca10e6.ctex[39m[0m
[  85% ] [90m[1msavepack[22m | 파일 저장 중: res://assets/zombies/type_6/heal/heal0005.png.import[39m[0m
[  86% ] [90m[1msavepack[22m | 파일 저장 중: res://.godot/imported/heal0006.png-396b1cfa4034eb0560639ac61b28b02e.ctex[39m[0m
[  86% ] [90m[1msavepack[22m | 파일 저장 중: res://assets/zombies/type_6/heal/heal0006.png.import[39m[0m
[  86% ] [90m[1msavepack[22m | 파일 저장 중: res://.godot/imported/hit_0001.png-0d255f26e3791ea78cc7971c24cd889c.ctex[39m[0m
[  86% ] [90m[1msavepack[22m | 파일 저장 중: res://assets/zombies/type_6/hit/hit_0001.png.import[39m[0m
[  86% ] [90m[1msavepack[22m | 파일 저장 중: res://.godot/imported/hit_0002.png-cb1294b6d01a2249539a98a8577c9bab.ctex[39m[0m
[  86% ] [90m[1msavepack[22m | 파일 저장 중: res://assets/zombies/type_6/hit/hit_0002.png.import[39m[0m
[  86% ] [90m[1msavepack[22m | 파일 저장 중: res://.godot/imported/hit_0003.png-fc7a33bf0cd7b4d4810d0cfb2a5d85ad.ctex[39m[0m
[  86% ] [90m[1msavepack[22m | 파일 저장 중: res://assets/zombies/type_6/hit/hit_0003.png.import[39m[0m
[  86% ] [90m[1msavepack[22m | 파일 저장 중: res://.godot/imported/hit_0004.png-87240e414537fc0434c346c2d747bd34.ctex[39m[0m
[  86% ] [90m[1msavepack[22m | 파일 저장 중: res://assets/zombies/type_6/hit/hit_0004.png.import[39m[0m
[  87% ] [90m[1msavepack[22m | 파일 저장 중: res://.godot/imported/hit_0005.png-b70eae6014c8bdf02a2258df09b7e07d.ctex[39m[0m
[  87% ] [90m[1msavepack[22m | 파일 저장 중: res://assets/zombies/type_6/hit/hit_0005.png.import[39m[0m
[  87% ] [90m[1msavepack[22m | 파일 저장 중: res://.godot/imported/hit_0006.png-ddda2f76d471a223c69a2a2df3fc7c14.ctex[39m[0m
[  87% ] [90m[1msavepack[22m | 파일 저장 중: res://assets/zombies/type_6/hit/hit_0006.png.import[39m[0m
[  87% ] [90m[1msavepack[22m | 파일 저장 중: res://.godot/imported/zombie_6_pop_00.png-43ba36b35d0416da18da2bf6040f4e38.ctex[39m[0m
[  87% ] [90m[1msavepack[22m | 파일 저장 중: res://assets/zombies/type_6/pop_01/zombie_6_pop_00.png.import[39m[0m
[  87% ] [90m[1msavepack[22m | 파일 저장 중: res://.godot/imported/zombie_6_pop_01.png-1c03a8c9d791d2335e9eee0da1e017c9.ctex[39m[0m
[  87% ] [90m[1msavepack[22m | 파일 저장 중: res://assets/zombies/type_6/pop_01/zombie_6_pop_01.png.import[39m[0m
[  88% ] [90m[1msavepack[22m | 파일 저장 중: res://.godot/imported/zombie_6_pop_02.png-72b816da5c5c7aab508202b8d1e3de05.ctex[39m[0m
[  88% ] [90m[1msavepack[22m | 파일 저장 중: res://assets/zombies/type_6/pop_01/zombie_6_pop_02.png.import[39m[0m
[  88% ] [90m[1msavepack[22m | 파일 저장 중: res://.godot/imported/zombie_6_pop_03.png-f38b63c08dff6cc25eedc7a6d520ebef.ctex[39m[0m
[  88% ] [90m[1msavepack[22m | 파일 저장 중: res://assets/zombies/type_6/pop_01/zombie_6_pop_03.png.import[39m[0m
[  88% ] [90m[1msavepack[22m | 파일 저장 중: res://.godot/imported/zombie_6_pop_04.png-084690d3e32233bc76f954c04f527540.ctex[39m[0m
[  88% ] [90m[1msavepack[22m | 파일 저장 중: res://assets/zombies/type_6/pop_01/zombie_6_pop_04.png.import[39m[0m
[  88% ] [90m[1msavepack[22m | 파일 저장 중: res://.godot/imported/zombie_6_pop_05.png-6c7edf7e5f6b7dbb093fd859e80c457e.ctex[39m[0m
[  88% ] [90m[1msavepack[22m | 파일 저장 중: res://assets/zombies/type_6/pop_01/zombie_6_pop_05.png.import[39m[0m
[  88% ] [90m[1msavepack[22m | 파일 저장 중: res://.godot/imported/zombie_6_pop_06.png-8fd7ad00b667475ca9fabdd13c4d4e06.ctex[39m[0m
[  88% ] [90m[1msavepack[22m | 파일 저장 중: res://assets/zombies/type_6/pop_01/zombie_6_pop_06.png.import[39m[0m
[  89% ] [90m[1msavepack[22m | 파일 저장 중: res://.godot/imported/zombie_6_pop_07.png-49c18c7edef5f926254f144a3b83ca2a.ctex[39m[0m
[  89% ] [90m[1msavepack[22m | 파일 저장 중: res://assets/zombies/type_6/pop_01/zombie_6_pop_07.png.import[39m[0m
[  89% ] [90m[1msavepack[22m | 파일 저장 중: res://.godot/imported/walk_6_01.png-3f0bc930fcbb63bd2eaa273f3bce337f.ctex[39m[0m
[  89% ] [90m[1msavepack[22m | 파일 저장 중: res://assets/zombies/type_6/walk/walk_6_01.png.import[39m[0m
[  89% ] [90m[1msavepack[22m | 파일 저장 중: res://.godot/imported/walk_6_02.png-cf9aa57e111e8a6394d10426a75d50de.ctex[39m[0m
[  89% ] [90m[1msavepack[22m | 파일 저장 중: res://assets/zombies/type_6/walk/walk_6_02.png.import[39m[0m
[  89% ] [90m[1msavepack[22m | 파일 저장 중: res://.godot/imported/walk_6_03.png-31d1e0b1b450a478e2f1da93bc89e630.ctex[39m[0m
[  89% ] [90m[1msavepack[22m | 파일 저장 중: res://assets/zombies/type_6/walk/walk_6_03.png.import[39m[0m
[  89% ] [90m[1msavepack[22m | 파일 저장 중: res://.godot/imported/walk_6_04.png-a752a06a1b257776c32e528b966733c5.ctex[39m[0m
[  89% ] [90m[1msavepack[22m | 파일 저장 중: res://assets/zombies/type_6/walk/walk_6_04.png.import[39m[0m
[  90% ] [90m[1msavepack[22m | 파일 저장 중: res://.godot/imported/walk_6_05.png-e92b967f4d5171bad471c5dcdca70f85.ctex[39m[0m
[  90% ] [90m[1msavepack[22m | 파일 저장 중: res://assets/zombies/type_6/walk/walk_6_05.png.import[39m[0m
[  90% ] [90m[1msavepack[22m | 파일 저장 중: res://.godot/imported/walk_6_06.png-26d43b4236ed37f3d60ec5bfa6cb6f5e.ctex[39m[0m
[  90% ] [90m[1msavepack[22m | 파일 저장 중: res://assets/zombies/type_6/walk/walk_6_06.png.import[39m[0m
[  90% ] [90m[1msavepack[22m | 파일 저장 중: res://.godot/imported/walk_6_07.png-358da500259e30f05d3492ee18a6f1f4.ctex[39m[0m
[  90% ] [90m[1msavepack[22m | 파일 저장 중: res://assets/zombies/type_6/walk/walk_6_07.png.import[39m[0m
[  90% ] [90m[1msavepack[22m | 파일 저장 중: res://.godot/imported/walk_6_08.png-cd6ddf2073c1e30813bede1c77d0fb06.ctex[39m[0m
[  90% ] [90m[1msavepack[22m | 파일 저장 중: res://assets/zombies/type_6/walk/walk_6_08.png.import[39m[0m
[  91% ] [90m[1msavepack[22m | 파일 저장 중: res://.godot/imported/zombie_walking0001.png-eb8ac9827a037afe995e6a355aa52230.ctex[39m[0m
[  91% ] [90m[1msavepack[22m | 파일 저장 중: res://assets/zombies/zombie_walking0001.png.import[39m[0m
[  91% ] [90m[1msavepack[22m | 파일 저장 중: res://.godot/imported/zombie_walking0002.png-feb9ea61c039a6f7e79aa30a3ce67df6.ctex[39m[0m
[  91% ] [90m[1msavepack[22m | 파일 저장 중: res://assets/zombies/zombie_walking0002.png.import[39m[0m
[  91% ] [90m[1msavepack[22m | 파일 저장 중: res://.godot/imported/zombie_walking0003.png-e5c482e634aeeb9c5541b49d48b7a556.ctex[39m[0m
[  91% ] [90m[1msavepack[22m | 파일 저장 중: res://assets/zombies/zombie_walking0003.png.import[39m[0m
[  91% ] [90m[1msavepack[22m | 파일 저장 중: res://.godot/imported/zombie_walking0004.png-0fe9323ada722d01384355ad602cf59f.ctex[39m[0m
[  91% ] [90m[1msavepack[22m | 파일 저장 중: res://assets/zombies/zombie_walking0004.png.import[39m[0m
[  91% ] [90m[1msavepack[22m | 파일 저장 중: res://.godot/imported/zombie_walking0005.png-3ce7fcf8eeb0cb13c40fb88c4241ebe0.ctex[39m[0m
[  91% ] [90m[1msavepack[22m | 파일 저장 중: res://assets/zombies/zombie_walking0005.png.import[39m[0m
[  92% ] [90m[1msavepack[22m | 파일 저장 중: res://.godot/imported/zombie_walking0006.png-2ec2d1673b50ca9d726eeab1c52de396.ctex[39m[0m
[  92% ] [90m[1msavepack[22m | 파일 저장 중: res://assets/zombies/zombie_walking0006.png.import[39m[0m
[  92% ] [90m[1msavepack[22m | 파일 저장 중: res://.godot/imported/zombie_walking0007.png-d0ad873f068b8b26070abd7627c1848d.ctex[39m[0m
[  92% ] [90m[1msavepack[22m | 파일 저장 중: res://assets/zombies/zombie_walking0007.png.import[39m[0m
[  92% ] [90m[1msavepack[22m | 파일 저장 중: res://.godot/imported/zombie_walking0008.png-09b004ea897dff10895550b584b0d514.ctex[39m[0m
[  92% ] [90m[1msavepack[22m | 파일 저장 중: res://assets/zombies/zombie_walking0008.png.import[39m[0m
[  92% ] [90m[1msavepack[22m | 파일 저장 중: res://.godot/exported/133200997/export-c405ab88674fdf0a608d10bb910636ad-title_hud.scn[39m[0m
[  92% ] [90m[1msavepack[22m | 파일 저장 중: res://.godot/imported/icon.svg-218a8f2b3041327d8a5756f3a245f83b.ctex[39m[0m
[  92% ] [90m[1msavepack[22m | 파일 저장 중: res://icon.svg.import[39m[0m
[  93% ] [90m[1msavepack[22m | 파일 저장 중: res://.godot/exported/133200997/export-8d981885de51b10eac0748a0c59e346a-lobby_hud.scn[39m[0m
[  93% ] [90m[1msavepack[22m | 파일 저장 중: res://.godot/exported/133200997/export-089574112961b0147e802bf1595c142a-game_screen.scn[39m[0m
[  93% ] [90m[1msavepack[22m | 파일 저장 중: res://.godot/exported/133200997/export-9e988e76f97308fae0be763f8223e02a-mona_theme.res[39m[0m
[  93% ] [90m[1msavepack[22m | 파일 저장 중: res://scripts/virtual_stick.gdc[39m[0m
[  94% ] [90m[1msavepack[22m | 파일 저장 중: res://scripts/touch_scroll_container.gdc[39m[0m
[  94% ] [90m[1msavepack[22m | 파일 저장 중: res://scripts/title_screen_portrait.gdc[39m[0m
[  94% ] [90m[1msavepack[22m | 파일 저장 중: res://scripts/title_screen.gdc[39m[0m
[  94% ] [90m[1msavepack[22m | 파일 저장 중: res://scripts/storage_grid_overlay.gdc[39m[0m
[  94% ] [90m[1msavepack[22m | 파일 저장 중: res://scripts/stage_catalog.gdc[39m[0m
[  95% ] [90m[1msavepack[22m | 파일 저장 중: res://scripts/shop_screen.gdc[39m[0m
[  95% ] [90m[1msavepack[22m | 파일 저장 중: res://scripts/main.gdc[39m[0m
[  95% ] [90m[1msavepack[22m | 파일 저장 중: res://scripts/lobby_screen_portrait.gdc[39m[0m
[  95% ] [90m[1msavepack[22m | 파일 저장 중: res://scripts/lobby_screen.gdc[39m[0m
[  95% ] [90m[1msavepack[22m | 파일 저장 중: res://scripts/layout_editor.gdc[39m[0m
[  96% ] [90m[1msavepack[22m | 파일 저장 중: res://scripts/inventory_grid_overlay.gdc[39m[0m
[  96% ] [90m[1msavepack[22m | 파일 저장 중: res://scripts/grid_dots_overlay.gdc[39m[0m
[  96% ] [90m[1msavepack[22m | 파일 저장 중: res://scripts/game_screen_portrait.gdc[39m[0m
[  96% ] [90m[1msavepack[22m | 파일 저장 중: res://scripts/game_screen.gdc[39m[0m
[  97% ] [90m[1msavepack[22m | 파일 저장 중: res://scripts/card_shape_preview.gdc[39m[0m
[  97% ] [90m[1msavepack[22m | 파일 저장 중: res://scripts/card_catalog.gdc[39m[0m
[  97% ] [90m[1msavepack[22m | 파일 저장 중: res://scripts/battlefield.gdc[39m[0m
[  97% ] [90m[1msavepack[22m | 파일 저장 중: res://.godot/exported/133200997/export-c315eff7b5f8a8ce1d6c4c72650ddc19-title_screen.scn[39m[0m
[  97% ] [90m[1msavepack[22m | 파일 저장 중: res://.godot/exported/133200997/export-c7fc2d520862ca694be750a3e24d87ca-title_hud.scn[39m[0m
[  98% ] [90m[1msavepack[22m | 파일 저장 중: res://.godot/exported/133200997/export-69b625ce673ec57366ba984a5bddedd9-shop_screen.scn[39m[0m
[  98% ] [90m[1msavepack[22m | 파일 저장 중: res://.godot/exported/133200997/export-69c2c7a55acf833d008faff26218e491-portrait_hud.scn[39m[0m
[  98% ] [90m[1msavepack[22m | 파일 저장 중: res://.godot/exported/133200997/export-3ad5c15c4f3250da0cc7c1af1770d85f-main.scn[39m[0m
[  98% ] [90m[1msavepack[22m | 파일 저장 중: res://.godot/exported/133200997/export-a75ea30817f1e2e14327a253920acabf-lobby_screen.scn[39m[0m
[  98% ] [90m[1msavepack[22m | 파일 저장 중: res://title_hud.tscn.remap[39m[0m
[  98% ] [90m[1msavepack[22m | 파일 저장 중: res://scenes/lobby_hud.tscn.remap[39m[0m
[  98% ] [90m[1msavepack[22m | 파일 저장 중: res://scenes/game_screen.tscn.remap[39m[0m
[  98% ] [90m[1msavepack[22m | 파일 저장 중: res://themes/mona_theme.tres.remap[39m[0m
[  98% ] [90m[1msavepack[22m | 파일 저장 중: res://scripts/virtual_stick.gd.remap[39m[0m
[  98% ] [90m[1msavepack[22m | 파일 저장 중: res://scripts/touch_scroll_container.gd.remap[39m[0m
[  98% ] [90m[1msavepack[22m | 파일 저장 중: res://scripts/title_screen_portrait.gd.remap[39m[0m
[  98% ] [90m[1msavepack[22m | 파일 저장 중: res://scripts/title_screen.gd.remap[39m[0m
[  98% ] [90m[1msavepack[22m | 파일 저장 중: res://scripts/storage_grid_overlay.gd.remap[39m[0m
[  98% ] [90m[1msavepack[22m | 파일 저장 중: res://scripts/stage_catalog.gd.remap[39m[0m
[  98% ] [90m[1msavepack[22m | 파일 저장 중: res://scripts/shop_screen.gd.remap[39m[0m
[  98% ] [90m[1msavepack[22m | 파일 저장 중: res://scripts/main.gd.remap[39m[0m
[  98% ] [90m[1msavepack[22m | 파일 저장 중: res://scripts/lobby_screen_portrait.gd.remap[39m[0m
[  98% ] [90m[1msavepack[22m | 파일 저장 중: res://scripts/lobby_screen.gd.remap[39m[0m
[  98% ] [90m[1msavepack[22m | 파일 저장 중: res://scripts/layout_editor.gd.remap[39m[0m
[  98% ] [90m[1msavepack[22m | 파일 저장 중: res://scripts/inventory_grid_overlay.gd.remap[39m[0m
[  98% ] [90m[1msavepack[22m | 파일 저장 중: res://scripts/grid_dots_overlay.gd.remap[39m[0m
[  98% ] [90m[1msavepack[22m | 파일 저장 중: res://scripts/game_screen_portrait.gd.remap[39m[0m
[  98% ] [90m[1msavepack[22m | 파일 저장 중: res://scripts/game_screen.gd.remap[39m[0m
[  98% ] [90m[1msavepack[22m | 파일 저장 중: res://scripts/card_shape_preview.gd.remap[39m[0m
[  98% ] [90m[1msavepack[22m | 파일 저장 중: res://scripts/card_catalog.gd.remap[39m[0m
[  98% ] [90m[1msavepack[22m | 파일 저장 중: res://scripts/battlefield.gd.remap[39m[0m
[  98% ] [90m[1msavepack[22m | 파일 저장 중: res://scenes/title_screen.tscn.remap[39m[0m
[  98% ] [90m[1msavepack[22m | 파일 저장 중: res://scenes/title_hud.tscn.remap[39m[0m
[  98% ] [90m[1msavepack[22m | 파일 저장 중: res://scenes/shop_screen.tscn.remap[39m[0m
[  98% ] [90m[1msavepack[22m | 파일 저장 중: res://scenes/portrait_hud.tscn.remap[39m[0m
[  98% ] [90m[1msavepack[22m | 파일 저장 중: res://scenes/main.tscn.remap[39m[0m
[  98% ] [90m[1msavepack[22m | 파일 저장 중: res://scenes/lobby_screen.tscn.remap[39m[0m
[  98% ] [90m[1msavepack[22m | 파일 저장 중: res://.godot/global_script_class_cache.cfg[39m[0m
[  98% ] [90m[1msavepack[22m | 파일 저장 중: res://assets/ui/app_icons/app_icon_180.png[39m[0m
[  98% ] [90m[1msavepack[22m | 파일 저장 중: res://.godot/uid_cache.bin[39m[0m
[  98% ] [90m[1msavepack[22m | 파일 저장 중: res://project.binary[39m[0m
[92m[ DONE ][39m [1msavepack[22m
[0m
